-- phpMyAdmin SQL Dump
-- version 4.8.5
-- https://www.phpmyadmin.net/
--
-- Host: g1g-staging-rds-mariadb.cqspand7euco.us-west-2.rds.amazonaws.com
-- Generation Time: Aug 29, 2019 at 04:59 AM
-- Server version: 10.3.8-MariaDB-log
-- PHP Version: 7.2.14

SET SQL_MODE = "NO_AUTO_VALUE_ON_ZERO";
SET AUTOCOMMIT = 0;
START TRANSACTION;
SET time_zone = "+00:00";


/*!40101 SET @OLD_CHARACTER_SET_CLIENT=@@CHARACTER_SET_CLIENT */;
/*!40101 SET @OLD_CHARACTER_SET_RESULTS=@@CHARACTER_SET_RESULTS */;
/*!40101 SET @OLD_COLLATION_CONNECTION=@@COLLATION_CONNECTION */;
/*!40101 SET NAMES utf8mb4 */;

--
-- Database: `gigaff`
--
CREATE DATABASE IF NOT EXISTS `gigaff` DEFAULT CHARACTER SET latin1 COLLATE latin1_swedish_ci;
USE `gigaff`;

-- --------------------------------------------------------

--
-- Table structure for table `active_guests`
--
-- Creation: Dec 03, 2018 at 05:51 AM
--

CREATE TABLE `active_guests` (
  `ip` varchar(15) NOT NULL DEFAULT '',
  `timestamp` int(11) UNSIGNED NOT NULL DEFAULT 0
) ENGINE=MEMORY DEFAULT CHARSET=latin1 ROW_FORMAT=FIXED;

--
-- Dumping data for table `active_guests`
--

INSERT INTO `active_guests` (`ip`, `timestamp`) VALUES
('223.181.54.217,', 0),
('66.249.79.154, ', 0),
('66.249.79.150, ', 0),
('66.249.79.153, ', 0),
('66.249.79.155, ', 0),
('66.249.79.137, ', 0),
('66.249.79.139, ', 0),
('178.154.244.131', 0),
('5.255.250.82, 1', 0),
('66.249.79.141, ', 0),
('223.181.50.49, ', 0),
('66.249.79.152, ', 0),
('196.52.84.56', 0),
('196.52.84.56, 1', 0),
('123.126.68.104,', 0),
('223.181.50.25, ', 0),
('39.45.7.24, 162', 0),
('100.25.160.151,', 0),
('66.249.69.24, 1', 0),
('66.249.69.28, 1', 0),
('66.249.69.6, 16', 0),
('66.249.69.6, 10', 0),
('66.249.69.13, 1', 0),
('66.249.69.26, 1', 0),
('66.249.69.9, 16', 0),
('66.249.69.11, 1', 0),
('2601:646:9601:3', 0),
('124.29.223.168', 0),
('192.40.64.16,64', 0),
('37.9.87.162, 17', 0),
('5.255.250.30, 1', 0),
('66.249.69.4, 16', 0),
('66.249.69.2, 16', 0),
('66.249.75.29, 1', 0),
('66.249.75.28, 1', 0),
('66.249.75.6, 16', 0),
('66.249.75.19, 1', 0),
('54.161.250.69, ', 0),
('66.249.75.6, 17', 0),
('66.249.75.20, 1', 0),
('66.249.75.2, 16', 0),
('66.249.75.31, 1', 0),
('196.52.84.51, 1', 0),
('66.249.75.30, 1', 0),
('54.175.179.224,', 0),
('39.45.5.163, 16', 0),
('223.176.229.89,', 0),
('66.249.75.21, 1', 0),
('157.55.39.11, 1', 0),
('40.77.167.62, 1', 0),
('98.143.159.174,', 0),
('40.77.167.64, 1', 0),
('124.29.223.168,', 0),
('66.249.91.129, ', 0),
('66.249.91.158, ', 0),
('66.249.75.4, 16', 0),
('66.249.75.2, 17', 0),
('66.249.75.4, 10', 0),
('66.249.91.156, ', 0),
('66.249.69.201', 0),
('66.249.91.104', 0),
('93.158.161.111,', 0),
('178.154.244.154', 0),
('52.87.61.117, 1', 0),
('66.249.66.141, ', 0),
('66.249.66.139, ', 0),
('66.249.66.137, ', 0),
('66.249.66.154, ', 0),
('151.80.39.166, ', 0),
('151.80.39.161, ', 0),
('54.36.150.150, ', 0),
('66.249.66.150, ', 0),
('13.57.233.99, 1', 0),
('166.62.38.177, ', 0),
('192.40.64.16,66', 0),
('66.249.66.152, ', 0),
('151.80.39.101, ', 0),
('52.53.201.78, 1', 0),
('106.215.151.179', 0),
('223.176.145.59,', 0),
('18.207.174.140', 0),
('223.176.145.59', 0),
('39.45.5.163, 17', 0),
('39.45.5.163', 0),
('18.233.66.199, ', 0),
('52.87.61.117', 0),
('18.209.168.131,', 0),
('141.8.143.166, ', 0),
('40.77.169.26, 1', 0),
('157.55.39.80, 1', 0),
('193.201.224.223', 0),
('81.173.112.207,', 0),
('167.99.211.55, ', 0),
('89.238.137.38, ', 0),
('89.238.137.38', 0),
('39.45.140.17, 1', 0),
('223.176.132.131', 0),
('54.36.148.208, ', 0),
('47.75.74.239, 1', 0),
('144.168.162.250', 0),
('66.249.70.2, 10', 0),
('66.249.70.31, 1', 0),
('141.8.144.18, 1', 0),
('66.249.70.4, 10', 0),
('66.249.65.95, 1', 0),
('66.249.65.64, 1', 0),
('141.8.144.6, 16', 0),
('157.55.39.45, 1', 0),
('157.55.39.251, ', 0),
('18.210.15.159, ', 0),
('66.249.65.94, 1', 0),
('66.249.65.73, 1', 0),
('66.249.65.69, 1', 0),
('66.249.65.71, 1', 0),
('93.158.161.122,', 0),
('141.8.143.167, ', 0),
('5.196.87.35, 17', 0),
('5.255.250.54, 1', 0),
('2400:cb00:36:10', 0),
('5.255.250.12, 1', 0),
('5.255.250.67, 1', 0),
('54.36.150.190, ', 0),
('206.180.165.147', 0),
('178.154.244.153', 0),
('178.154.244.158', 0),
('207.46.13.27, 1', 0),
('66.249.70.2, 16', 0),
('66.249.70.30, 1', 0),
('66.249.70.4, 16', 0),
('5.196.87.12, 14', 0),
('40.77.195.185, ', 0),
('37.9.87.164, 16', 0),
('40.77.167.158, ', 0),
('157.55.39.5, 10', 0),
('40.77.167.157, ', 0),
('37.9.87.157, 16', 0),
('141.8.144.30, 1', 0),
('93.158.161.179,', 0),
('5.255.250.126, ', 0),
('93.158.166.150,', 0),
('37.9.87.193, 17', 0),
('178.154.244.185', 0),
('159.65.72.48, 1', 0),
('40.77.190.104, ', 0),
('40.77.167.159, ', 0),
('151.80.39.109, ', 0),
('66.249.70.29, 1', 0),
('40.77.167.13, 1', 0),
('37.187.26.42, 1', 0),
('207.46.13.96, 1', 0),
('207.46.13.71, 1', 0),
('207.46.13.19, 1', 0),
('66.249.75.2, 10', 0),
('207.46.13.120, ', 0),
('158.69.118.54, ', 0),
('64.74.215.139, ', 0),
('66.249.75.4, 17', 0),
('40.77.167.130, ', 0),
('157.55.39.37, 1', 0),
('40.77.167.113, ', 0),
('157.55.39.30, 1', 0),
('5.255.250.200, ', 0),
('40.77.167.55, 1', 0),
('157.55.39.52, 1', 0),
('40.77.167.10, 1', 0),
('172.93.233.174,', 0),
('207.46.13.12, 1', 0),
('157.55.39.102, ', 0),
('157.55.39.142, ', 0),
('54.36.148.199, ', 0),
('40.77.167.147, ', 0),
('159.65.179.242,', 0),
('138.197.99.81, ', 0),
('178.154.244.130', 0),
('66.249.70.27, 1', 0),
('66.249.70.20, 1', 0),
('66.249.70.22, 1', 0),
('40.77.167.25, 1', 0),
('198.20.103.245,', 0),
('198.20.103.242,', 0),
('207.46.13.48, 1', 0),
('178.154.244.201', 0),
('40.77.167.109, ', 0),
('40.77.167.110, ', 0),
('66.249.70.18, 1', 0),
('188.68.3.182, 1', 0),
('3.17.81.50, 173', 0),
('3.17.81.50, 162', 0),
('3.17.81.50, 172', 0),
('35.156.224.164,', 0),
('207.46.13.98, 1', 0),
('66.249.66.153, ', 0),
('207.46.13.54, 1', 0),
('66.249.66.155, ', 0),
('207.46.13.123, ', 0),
('40.77.167.11, 1', 0),
('66.249.66.2, 10', 0),
('66.249.66.2, 16', 0),
('66.249.66.30, 1', 0),
('66.249.66.31, 1', 0),
('207.46.13.200, ', 0),
('66.249.66.156, ', 0),
('151.80.39.169, ', 0),
('54.36.149.3, 14', 0),
('34.218.241.3, 1', 0),
('145.239.228.246', 0),
('217.182.9.102, ', 0),
('176.31.18.70, 1', 0),
('145.239.175.93,', 0),
('217.182.225.76,', 0),
('167.114.191.76,', 0),
('167.114.191.77,', 0),
('178.33.152.167,', 0),
('51.254.249.155,', 0),
('5.135.201.195, ', 0),
('217.182.9.103, ', 0),
('5.196.174.239, ', 0),
('167.114.197.42,', 0),
('5.196.41.177, 1', 0),
('144.217.210.216', 0),
('145.239.188.138', 0),
('91.134.172.29, ', 0),
('144.217.0.179, ', 0),
('176.31.3.233, 1', 0),
('54.36.34.175, 1', 0),
('5.39.24.161, 14', 0),
('149.202.19.84, ', 0),
('5.135.201.201, ', 0),
('151.80.67.90, 1', 0),
('151.80.181.64, ', 0),
('144.217.210.213', 0),
('193.70.76.191, ', 0),
('5.135.116.127, ', 0),
('198.50.162.213,', 0),
('167.114.189.19,', 0),
('66.249.66.158, ', 0),
('66.249.66.214, ', 0),
('46.229.168.140,', 0),
('46.229.168.135,', 0),
('46.229.168.136,', 0),
('46.229.168.134,', 0),
('37.9.87.162, 16', 0),
('207.46.13.55, 1', 0),
('100.43.91.110, ', 0),
('5.196.87.23, 17', 0),
('207.46.13.57, 1', 0),
('5.255.250.53, 1', 0),
('184.174.4.56, 1', 0),
('54.36.149.102, ', 0),
('139.81.200.83, ', 0),
('158.46.142.128,', 0),
('139.81.124.92, ', 0),
('192.243.53.51, ', 0),
('213.174.146.212', 0),
('213.174.146.213', 0),
('40.77.167.21, 1', 0),
('40.77.194.244, ', 0),
('40.77.167.125, ', 0),
('54.36.148.2, 14', 0),
('209.17.97.82, 1', 0),
('157.55.39.214, ', 0),
('34.252.190.103,', 0),
('5.255.250.107, ', 0),
('35.160.153.145,', 0),
('100.43.85.172, ', 0),
('207.46.13.170, ', 0),
('77.88.5.18, 172', 0),
('40.77.167.50, 1', 0),
('40.77.167.32, 1', 0),
('5.188.62.5, 172', 0),
('157.55.39.0, 10', 0),
('207.46.13.85, 1', 0),
('64.74.215.98, 1', 0),
('157.55.39.198, ', 0),
('207.46.13.141, ', 0),
('157.55.39.49, 1', 0),
('5.188.210.26, 1', 0),
('157.55.39.170, ', 0),
('39.104.231.102,', 0),
('207.46.13.64, 1', 0),
('207.46.13.118, ', 0),
('157.55.39.101, ', 0),
('52.36.191.159, ', 0),
('157.55.39.106, ', 0),
('184.154.189.90,', 0),
('207.46.13.135, ', 0),
('40.77.167.3, 16', 0),
('40.77.167.3, 17', 0),
('137.226.113.28,', 0),
('157.55.39.22, 1', 0),
('157.55.39.168, ', 0),
('47.92.90.246, 1', 0),
('207.46.13.158, ', 0),
('207.46.13.214, ', 0),
('207.46.13.215, ', 0),
('66.249.65.88, 1', 0),
('66.249.65.90, 1', 0),
('66.249.65.86, 1', 0),
('157.55.39.14, 1', 0),
('207.46.13.25, 1', 0),
('207.46.13.179, ', 0),
('207.46.13.168, ', 0),
('103.13.101.171,', 0),
('207.46.13.193, ', 0),
('185.234.218.46,', 0),
('40.77.167.134, ', 0),
('207.46.13.7, 10', 0),
('40.77.167.132, ', 0),
('209.17.96.202, ', 0),
('157.55.39.243, ', 0),
('66.249.65.89, 1', 0),
('66.249.65.87, 1', 0),
('137.226.113.34,', 0),
('46.105.92.122, ', 0),
('41.249.222.25, ', 0),
('18.209.95.81, 1', 0),
('157.55.39.206, ', 0),
('110.83.60.52, 1', 0),
('157.55.39.204, ', 0),
('207.241.231.170', 0),
('40.77.167.123, ', 0),
('54.36.150.181, ', 0),
('54.36.148.61, 1', 0),
('157.55.39.145, ', 0),
('207.46.13.61, 1', 0),
('13.66.139.1, 10', 0),
('13.66.139.0, 16', 0),
('39.104.224.208,', 0),
('40.77.167.111, ', 0),
('40.77.167.74, 1', 0),
('100.35.75.170, ', 0),
('40.77.167.133, ', 0),
('40.77.167.39, 1', 0),
('157.55.39.153, ', 0),
('40.77.167.33, 1', 0),
('207.46.13.217, ', 0),
('157.55.39.9, 10', 0),
('207.46.13.197, ', 0),
('216.244.66.236,', 0),
('157.55.39.119, ', 0),
('40.77.167.143, ', 0),
('157.55.39.220, ', 0),
('40.77.167.161, ', 0),
('168.91.114.240,', 0),
('157.55.39.249, ', 0),
('157.55.39.31, 1', 0),
('207.46.13.114, ', 0),
('191.101.106.48,', 0),
('139.81.204.154,', 0),
('178.171.38.197,', 0),
('207.46.13.67, 1', 0),
('194.44.247.218,', 0),
('207.46.13.139, ', 0),
('157.55.39.29, 1', 0),
('40.77.167.31, 1', 0),
('157.55.39.221, ', 0),
('40.77.167.71, 1', 0),
('207.46.13.148, ', 0),
('207.241.229.33,', 0),
('207.46.13.164, ', 0),
('157.55.39.167, ', 0),
('207.46.13.154, ', 0),
('157.55.39.18, 1', 0),
('207.46.13.111, ', 0),
('157.55.39.212, ', 0),
('207.241.231.165', 0),
('207.241.229.32,', 0),
('157.55.39.54, 1', 0),
('207.46.13.49, 1', 0),
('157.55.39.197, ', 0),
('76.102.173.7, 1', 0),
('157.55.39.171, ', 0),
('40.77.167.69, 1', 0),
('157.55.39.84, 1', 0),
('157.55.39.200, ', 0),
('40.77.167.93, 1', 0),
('40.77.167.43, 1', 0),
('207.241.231.164', 0),
('157.55.39.47, 1', 0),
('40.77.167.45, 1', 0),
('40.77.167.18, 1', 0),
('207.46.13.152, ', 0),
('207.46.13.78, 1', 0),
('157.55.39.10, 1', 0),
('64.246.165.150,', 0),
('157.55.39.70, 1', 0),
('207.46.13.94, 1', 0),
('39.104.54.215, ', 0),
('39.104.22.34, 1', 0),
('207.46.13.42, 1', 0),
('157.55.39.109, ', 0),
('40.77.167.2, 16', 0),
('157.55.39.36, 1', 0),
('109.201.138.236', 0),
('46.166.186.193,', 0),
('66.249.79.156, ', 0),
('207.46.13.209, ', 0),
('54.208.32.53, 1', 0),
('104.227.246.106', 0),
('207.46.13.84, 1', 0),
('157.55.39.222, ', 0),
('207.46.13.103, ', 0),
('157.55.39.165, ', 0),
('157.55.39.158, ', 0),
('54.227.227.12, ', 0),
('64.74.215.1, 17', 0),
('157.55.39.12, 1', 0),
('40.77.167.4, 16', 0),
('207.46.13.222, ', 0),
('40.77.167.165, ', 0),
('157.55.39.253, ', 0),
('39.104.22.216, ', 0),
('207.46.13.153, ', 0),
('157.55.39.209, ', 0),
('157.55.39.116, ', 0),
('157.55.39.235, ', 0),
('157.55.39.67, 1', 0),
('157.55.39.225, ', 0),
('3.85.124.227, 1', 0),
('unknown,109.169', 0),
('109.169.64.234,', 0),
('46.166.186.212,', 0),
('46.166.137.196,', 0),
('46.166.190.136,', 0),
('46.166.190.156,', 0),
('207.241.229.30,', 0),
('157.55.39.25, 1', 0),
('157.55.39.2, 10', 0),
('157.55.39.87, 1', 0),
('157.55.39.92, 1', 0),
('157.55.39.226, ', 0),
('137.226.113.26,', 0),
('157.55.39.42, 1', 0),
('40.77.167.12, 1', 0),
('188.166.116.151', 0),
('207.46.13.30, 1', 0),
('207.46.13.105, ', 0),
('157.55.39.252, ', 0),
('207.241.229.31,', 0),
('157.55.39.68, 1', 0),
('157.55.39.71, 1', 0),
('207.46.13.58, 1', 0),
('207.46.13.95, 1', 0),
('137.226.113.41,', 0),
('40.77.167.100, ', 0),
('40.77.167.5, 17', 0),
('40.77.167.77, 1', 0),
('40.77.167.5, 16', 0),
('39.104.21.226, ', 0),
('207.46.13.110, ', 0),
('157.55.39.132, ', 0),
('157.55.39.148, ', 0),
('66.249.66.157, ', 0),
('157.55.39.50, 1', 0),
('51.68.226.231, ', 0),
('13.66.139.0, 10', 0),
('40.77.167.182, ', 0),
('93.158.161.114,', 0),
('5.255.250.113, ', 0),
('157.55.39.242, ', 0),
('207.46.13.18, 1', 0),
('207.46.13.76, 1', 0),
('207.46.13.117, ', 0),
('157.55.39.23, 1', 0),
('46.229.168.139,', 0),
('46.229.168.133,', 0),
('40.77.167.154, ', 0),
('89.238.154.167,', 0),
('39.98.177.144, ', 0),
('39.104.63.123, ', 0),
('157.55.39.6, 10', 0),
('207.46.13.108, ', 0),
('40.77.167.2, 17', 0),
('40.77.167.65, 1', 0),
('40.77.167.63, 1', 0),
('157.55.39.111, ', 0),
('176.107.128.139', 0),
('120.35.38.59, 1', 0),
('40.77.167.8, 17', 0),
('157.55.39.105, ', 0),
('209.17.96.194, ', 0),
('40.77.167.95, 1', 0),
('46.229.168.142,', 0),
('157.55.39.77, 1', 0),
('40.77.167.49, 1', 0),
('207.46.13.21, 1', 0),
('207.46.13.156, ', 0),
('157.55.39.39, 1', 0),
('207.46.13.32, 1', 0),
('106.211.91.202', 0),
('106.211.25.10', 0),
('104.222.43.50', 0),
('23.239.180.201', 0),
('100.25.48.115', 0),
('89.238.154.179', 0),
('100.25.152.207,', 0),
('106.211.25.10, ', 0),
('89.238.154.179,', 0),
('207.46.13.208, ', 0),
('139.81.78.48, 1', 0),
('216.74.107.72, ', 0),
('66.78.39.88, 17', 0),
('158.46.174.90, ', 0),
('157.55.39.177, ', 0),
('39.104.52.145, ', 0),
('40.77.167.44, 1', 0),
('39.104.79.249, ', 0),
('157.55.39.99, 1', 0),
('207.46.13.195, ', 0),
('184.175.34.239,', 0),
('157.55.39.43, 1', 0),
('40.77.167.56, 1', 0),
('69.58.178.59, 1', 0),
('157.55.39.44, 1', 0),
('157.55.39.224, ', 0),
('46.166.186.196,', 0),
('207.241.229.236', 0),
('107.150.23.158,', 0),
('124.87.141.80,1', 0),
('157.55.39.239, ', 0),
('5.45.64.76, 172', 0),
('40.77.167.76, 1', 0),
('40.77.167.17, 1', 0),
('157.55.39.248, ', 0),
('207.241.229.235', 0),
('78.24.220.1, 16', 0),
('207.46.13.126, ', 0),
('109.201.154.216', 0),
('66.249.75.6, 10', 0),
('207.46.13.221, ', 0),
('207.46.13.213, ', 0),
('109.201.154.181', 0),
('207.46.13.68, 1', 0),
('207.46.13.163, ', 0),
('185.234.216.25,', 0),
('40.77.167.40, 1', 0),
('85.10.204.252, ', 0),
('157.55.39.120, ', 0),
('40.77.167.90, 1', 0),
('157.55.39.35, 1', 0),
('40.77.167.92, 1', 0),
('207.46.13.74, 1', 0),
('40.77.167.37, 1', 0),
('207.46.13.150, ', 0),
('40.77.189.70, 1', 0),
('157.55.39.17, 1', 0),
('207.46.13.199, ', 0),
('207.46.13.20, 1', 0),
('207.46.13.62, 1', 0),
('40.77.167.121, ', 0),
('157.55.39.180, ', 0),
('181.214.63.26, ', 0),
('157.55.39.34, 1', 0),
('40.77.167.88, 1', 0),
('172.104.182.103', 0),
('157.55.39.103, ', 0),
('198.143.158.178', 0),
('157.55.39.16, 1', 0),
('240.197.144.134', 0),
('157.55.39.55, 1', 0),
('207.46.13.192, ', 0),
('209.163.119.82,', 0),
('107.161.151.37,', 0),
('206.225.95.23, ', 0),
('40.77.167.67, 1', 0),
('157.55.39.48, 1', 0),
('163.172.209.226', 0),
('40.77.167.160, ', 0),
('207.46.13.124, ', 0),
('223.225.102.78', 0),
('157.55.39.146, ', 0),
('157.55.39.185, ', 0),
('207.46.13.211, ', 0),
('207.46.13.1, 10', 0),
('66.249.79.158, ', 0),
('157.55.39.19, 1', 0),
('157.55.39.219, ', 0),
('66.249.79.157, ', 0),
('40.77.167.42, 1', 0),
('108.178.61.59, ', 0),
('108.178.61.58, ', 0),
('40.77.167.112, ', 0),
('157.55.39.73, 1', 0),
('157.55.39.156, ', 0),
('157.55.39.97, 1', 0),
('40.77.167.53, 1', 0),
('157.55.39.66, 1', 0),
('207.46.13.10, 1', 0),
('184.174.34.200,', 0),
('38.145.107.126,', 0),
('216.74.121.137,', 0),
('38.145.89.91, 1', 0),
('185.206.225.229', 0),
('40.77.167.23, 1', 0),
('40.77.167.178, ', 0),
('207.46.13.212, ', 0),
('207.46.13.34, 1', 0),
('207.46.13.112, ', 0),
('157.55.39.94, 1', 0),
('157.55.39.76, 1', 0),
('40.77.167.27, 1', 0),
('40.77.167.173, ', 0),
('39.45.56.210, 1', 0),
('207.46.13.159, ', 0),
('39.98.52.133, 1', 0),
('207.46.13.201, ', 0),
('157.55.13.64, 1', 0),
('157.55.39.79, 1', 0),
('157.55.39.245, ', 0),
('40.77.167.128, ', 0),
('40.77.167.164, ', 0),
('66.249.66.210, ', 0),
('207.46.13.125, ', 0),
('60.191.38.77, 1', 0),
('40.77.167.8, 16', 0),
('157.55.39.28, 1', 0),
('40.77.167.119, ', 0),
('39.98.56.218, 1', 0),
('46.101.80.192, ', 0),
('207.46.13.149, ', 0),
('207.46.13.171, ', 0),
('157.55.39.178, ', 0),
('207.46.13.177, ', 0),
('64.74.215.164, ', 0),
('40.77.167.163, ', 0),
('157.55.39.124, ', 0),
('40.77.167.144, ', 0),
('138.197.77.178,', 0),
('165.227.77.153,', 0),
('207.46.13.8, 10', 0),
('40.77.167.4, 17', 0),
('157.55.39.33, 1', 0),
('40.77.167.98, 1', 0),
('157.55.39.40, 1', 0),
('157.55.39.82, 1', 0),
('157.55.39.205, ', 0),
('40.77.167.137, ', 0),
('137.226.113.27,', 0),
('40.77.167.151, ', 0),
('209.17.96.242, ', 0),
('157.55.39.86, 1', 0),
('207.46.13.131, ', 0),
('157.55.39.41, 1', 0),
('209.17.96.26, 1', 0),
('157.55.39.53, 1', 0),
('157.55.39.93, 1', 0),
('40.77.167.124, ', 0),
('157.55.39.64, 1', 0),
('207.46.13.65, 1', 0),
('157.55.39.27, 1', 0),
('212.92.122.6, 1', 0),
('212.92.122.6', 0),
('40.77.167.115, ', 0),
('40.77.167.152, ', 0),
('207.46.13.181, ', 0),
('40.77.167.81, 1', 0),
('40.77.167.174, ', 0),
('157.55.39.121, ', 0),
('207.46.13.119, ', 0),
('13.66.139.1, 16', 0),
('66.226.75.93, 1', 0),
('40.77.167.141, ', 0),
('40.77.167.114, ', 0),
('157.55.39.1, 16', 0),
('157.55.39.51, 1', 0),
('207.46.13.157, ', 0),
('209.150.146.188', 0),
('111.68.103.164,', 0),
('40.77.167.146, ', 0),
('157.55.39.201, ', 0),
('157.55.39.89, 1', 0),
('40.77.167.85, 1', 0),
('207.46.13.87, 1', 0),
('40.77.167.118, ', 0),
('178.171.108.58,', 0),
('40.77.167.129, ', 0),
('89.238.150.25, ', 0),
('221.120.220.11,', 0),
('111.68.103.164', 0),
('40.77.167.153, ', 0),
('110.93.234.9, 1', 0),
('179.61.150.125,', 0),
('173.211.114.157', 0),
('38.145.110.85, ', 0),
('207.46.13.172, ', 0),
('176.31.18.76, 1', 0),
('198.50.232.11, ', 0),
('145.239.22.246,', 0),
('149.202.103.120', 0),
('167.114.25.153,', 0),
('145.239.21.232,', 0),
('149.202.127.50,', 0),
('145.239.228.243', 0),
('176.31.73.149, ', 0),
('145.239.184.40,', 0),
('176.31.18.78, 1', 0),
('5.39.119.2, 141', 0),
('37.59.152.6, 10', 0),
('188.165.174.109', 0),
('145.239.18.184,', 0),
('176.31.38.141, ', 0),
('151.80.9.155, 1', 0),
('149.202.12.9, 1', 0),
('151.80.247.130,', 0),
('5.135.193.165, ', 0),
('147.135.196.190', 0),
('5.135.201.193, ', 0),
('37.187.196.220,', 0),
('5.39.99.231, 14', 0),
('5.39.99.241, 14', 0),
('149.56.192.101,', 0),
('144.217.145.101', 0),
('198.50.196.49, ', 0),
('192.95.13.72, 1', 0),
('51.254.188.232,', 0),
('40.77.167.117, ', 0),
('157.55.39.0, 16', 0),
('207.46.13.204, ', 0),
('64.246.165.170,', 0),
('71.6.165.200, 1', 0),
('209.17.96.234, ', 0),
('40.77.167.47, 1', 0),
('40.77.188.65, 1', 0),
('212.92.118.104,', 0),
('54.81.209.13, 1', 0),
('157.55.39.20, 1', 0),
('207.46.13.189, ', 0),
('207.46.13.39, 1', 0),
('157.55.39.202, ', 0),
('207.46.13.44, 1', 0),
('223.181.121.164', 0),
('207.46.13.161, ', 0),
('40.77.167.155, ', 0),
('40.77.167.198, ', 0),
('209.17.97.10, 1', 0),
('157.55.39.160, ', 0),
('207.46.13.73, 1', 0),
('40.77.167.196, ', 0),
('40.77.167.156, ', 0),
('40.77.167.75, 1', 0),
('40.77.194.117, ', 0),
('40.77.167.19, 1', 0),
('157.55.39.32, 1', 0),
('157.55.39.62, 1', 0),
('207.46.13.129, ', 0),
('157.55.39.7, 16', 0),
('40.77.167.52, 1', 0),
('104.192.74.231,', 0),
('207.46.13.143, ', 0),
('207.46.13.8, 16', 0),
('3.80.155.224, 1', 0),
('157.55.39.61, 1', 0),
('157.55.39.234, ', 0),
('157.55.39.46, 1', 0),
('40.77.167.60, 1', 0),
('157.55.39.110, ', 0),
('40.77.167.140, ', 0),
('207.46.13.220, ', 0),
('157.55.39.134, ', 0),
('223.225.90.166,', 0),
('89.238.154.176,', 0),
('40.77.167.54, 1', 0),
('207.46.13.174, ', 0),
('39.45.50.240, 1', 0),
('157.55.39.26, 1', 0),
('207.46.13.89, 1', 0),
('2a03:2880:12ff:', 0),
('207.46.13.33, 1', 0),
('157.55.39.229, ', 0),
('207.46.13.72, 1', 0),
('207.46.13.24, 1', 0),
('207.46.13.241, ', 0),
('207.46.13.183, ', 0),
('157.55.39.149, ', 0),
('209.17.97.42, 1', 0),
('157.55.39.141, ', 0),
('40.77.167.135, ', 0),
('40.77.167.166, ', 0),
('157.55.39.130, ', 0),
('207.46.13.138, ', 0),
('223.225.26.46, ', 0),
('54.92.237.50, 1', 0),
('89.238.154.181,', 0),
('54.157.187.181,', 0),
('157.55.39.127, ', 0),
('95.211.94.101, ', 0),
('207.46.13.81, 1', 0),
('207.46.13.205, ', 0),
('40.77.167.51, 1', 0),
('207.46.13.225, ', 0),
('209.17.97.66, 1', 0),
('207.46.13.229, ', 0),
('106.211.71.75, ', 0),
('34.234.201.86, ', 0),
('39.45.45.243, 1', 0),
('54.158.185.68, ', 0),
('54.92.209.79, 1', 0),
('173.211.81.175,', 0),
('157.55.39.5, 16', 0),
('40.77.167.179, ', 0),
('89.238.150.13, ', 0),
('223.181.62.204,', 0),
('184.72.74.11, 1', 0),
('89.238.154.238,', 0),
('89.238.154.238', 0),
('40.77.167.122, ', 0),
('157.55.39.166, ', 0),
('157.55.39.159, ', 0),
('40.77.167.204, ', 0),
('40.77.167.175, ', 0),
('3.82.98.71', 0),
('223.181.102.254', 0),
('18.212.246.25, ', 0),
('157.55.39.65, 1', 0),
('2607:fb90:30b3:', 0),
('34.201.15.69', 0),
('3.85.227.214', 0),
('18.208.167.222', 0),
('3.91.60.221', 0),
('18.234.245.210', 0),
('3.89.146.233', 0),
('54.81.156.174', 0),
('54.89.116.107', 0),
('54.173.42.255', 0),
('52.91.6.8', 0),
('3.87.194.222', 0),
('18.206.177.159', 0),
('54.208.38.167', 0),
('34.207.203.37', 0),
('3.80.150.167', 0),
('3.90.105.25', 0),
('52.23.179.131', 0),
('54.167.35.0', 0),
('18.233.151.237', 0),
('3.86.248.27', 0),
('3.80.174.245', 0),
('3.82.106.123', 0),
('3.81.3.148', 0),
('3.88.173.80', 0),
('3.89.69.177', 0),
('3.85.122.133', 0),
('3.91.30.207', 0),
('3.87.125.113', 0),
('3.84.161.76', 0),
('54.92.207.0', 0),
('3.91.159.238', 0),
('3.80.2.191', 0),
('3.91.9.188', 0),
('3.89.67.107', 0),
('3.88.197.185', 0),
('3.82.163.247', 0),
('54.210.155.192', 0),
('3.85.201.116', 0),
('34.229.165.61', 0),
('18.207.228.41', 0),
('54.174.85.203', 0),
('100.26.182.153', 0),
('3.89.117.95', 0),
('3.88.141.255', 0),
('18.234.229.253', 0),
('3.87.173.245', 0),
('54.165.173.161', 0),
('54.89.206.38', 0),
('54.236.29.94, 1', 0),
('40.77.167.212, ', 0),
('157.55.39.74, 1', 0),
('40.77.193.244, ', 0),
('212.92.121.57, ', 0),
('52.206.43.35', 0),
('18.234.66.229', 0),
('3.84.161.120', 0),
('54.198.118.35', 0),
('52.91.18.131', 0),
('34.207.150.47', 0),
('54.164.151.128', 0),
('3.91.160.247', 0),
('34.201.152.59', 0),
('207.46.13.167, ', 0),
('52.200.57.20', 0),
('54.91.71.109', 0),
('54.175.202.130', 0),
('157.55.39.128, ', 0),
('157.55.39.125, ', 0),
('157.55.39.15, 1', 0),
('40.77.167.219, ', 0),
('207.46.13.243, ', 0),
('54.221.181.179', 0),
('3.91.52.235', 0),
('100.27.49.133', 0),
('54.242.76.131', 0),
('3.90.21.190', 0),
('54.209.225.252', 0),
('54.224.158.155', 0),
('18.234.138.41', 0),
('54.234.93.75', 0),
('52.55.40.37', 0),
('34.239.131.53', 0),
('18.213.2.223', 0),
('100.25.223.138', 0),
('52.91.89.222', 0),
('34.228.68.78', 0),
('54.90.207.33', 0),
('34.207.196.6', 0),
('18.234.230.236', 0),
('54.86.154.39', 0),
('157.55.39.85, 1', 0),
('180.76.15.13, 1', 0),
('180.76.15.161, ', 0),
('180.76.15.155, ', 0),
('3.90.143.171', 0),
('34.226.218.149', 0),
('52.90.197.54', 0),
('3.90.49.101', 0),
('54.84.30.76', 0),
('174.129.56.109', 0),
('3.90.65.222', 0),
('3.84.220.201', 0),
('34.229.226.14', 0),
('54.242.92.111', 0),
('107.20.66.224', 0),
('35.171.86.111', 0),
('3.82.198.151', 0),
('3.86.232.94', 0),
('52.205.143.95', 0),
('157.55.39.13, 1', 0),
('40.77.167.139, ', 0),
('3.84.129.186', 0),
('207.46.13.145, ', 0),
('100.26.192.2', 0),
('34.205.89.126', 0),
('35.171.83.74', 0),
('54.174.170.53', 0),
('3.88.170.58', 0),
('18.234.170.142', 0),
('167.114.172.223', 0),
('52.86.4.202', 0),
('52.90.225.206', 0),
('34.203.36.10', 0),
('54.159.123.13', 0),
('18.209.160.5', 0),
('34.227.46.189', 0),
('3.91.50.60', 0),
('18.232.69.118', 0),
('3.84.133.70', 0),
('34.204.94.219', 0),
('157.230.84.218,', 0),
('180.76.15.31, 1', 0),
('18.206.177.210', 0),
('3.85.53.58', 0),
('3.83.24.58', 0),
('3.86.185.208', 0),
('54.234.2.231', 0),
('52.91.210.77', 0),
('3.90.112.92', 0),
('100.25.165.218', 0),
('54.84.225.241', 0),
('40.77.167.38, 1', 0),
('18.209.30.163', 0),
('52.91.235.13', 0),
('3.85.131.100', 0),
('52.90.89.207', 0),
('18.207.144.218', 0),
('34.207.76.19', 0),
('54.209.250.150', 0),
('54.175.82.134', 0),
('3.91.61.130', 0),
('35.175.198.213', 0),
('18.205.27.10', 0),
('3.89.26.4', 0),
('3.90.82.67', 0),
('54.237.188.7', 0),
('3.90.13.208', 0),
('54.163.215.133', 0),
('35.173.47.232', 0),
('54.90.67.89', 0),
('54.161.109.116', 0),
('54.145.233.250', 0),
('54.152.149.74', 0),
('18.208.226.177', 0),
('3.85.7.205', 0),
('54.90.212.60', 0),
('39.98.177.244, ', 0),
('100.25.169.192', 0),
('207.46.13.184, ', 0),
('157.55.39.6, 16', 0),
('207.46.13.17, 1', 0),
('223.225.31.155,', 0),
('39.98.174.211, ', 0),
('184.154.47.2, 1', 0),
('2a01:cb19:8712:', 0),
('54.166.172.246', 0),
('3.84.215.207', 0),
('54.196.60.73', 0),
('18.234.137.8', 0),
('157.55.39.163, ', 0),
('3.89.221.77', 0),
('3.88.211.54', 0),
('3.90.84.37', 0),
('3.80.241.126', 0),
('223.225.24.83, ', 0),
('157.55.39.24, 1', 0),
('100.26.106.149', 0),
('184.73.78.205', 0),
('66.249.69.6, 17', 0),
('66.249.69.9, 10', 0),
('207.46.13.144, ', 0),
('180.76.15.156, ', 0),
('207.46.13.234, ', 0),
('66.249.69.9, 17', 0),
('40.77.190.47, 1', 0),
('40.77.167.59, 1', 0),
('180.76.15.7, 17', 0),
('54.210.217.218', 0),
('157.55.39.56, 1', 0),
('34.227.160.127', 0),
('209.17.96.50, 1', 0),
('54.152.141.1, 1', 0),
('34.229.199.184', 0),
('3.80.240.101', 0),
('3.89.114.106', 0),
('18.208.137.180', 0),
('34.239.48.203', 0),
('54.226.89.176', 0),
('35.173.250.237', 0),
('18.234.138.129', 0),
('3.86.3.41', 0),
('157.55.39.203, ', 0),
('157.55.39.91, 1', 0),
('157.55.39.150, ', 0),
('180.76.15.144, ', 0),
('207.46.13.186, ', 0),
('207.46.13.180, ', 0),
('207.46.13.79, 1', 0),
('148.251.244.137', 0),
('40.77.167.73, 1', 0),
('40.77.167.190, ', 0),
('157.55.39.138, ', 0),
('139.81.249.237,', 0),
('139.81.237.69, ', 0),
('207.46.13.187, ', 0),
('39.45.159.133', 0),
('191.96.87.255, ', 0),
('173.211.116.30,', 0),
('207.46.13.133, ', 0),
('89.238.154.117,', 0),
('40.77.195.164, ', 0),
('180.76.15.154, ', 0),
('180.76.15.160, ', 0),
('207.46.13.182, ', 0),
('180.76.15.149, ', 0),
('157.55.39.255, ', 0),
('40.77.167.167, ', 0),
('223.181.80.191,', 0),
('40.77.167.83, 1', 0),
('195.225.118.56,', 0),
('40.77.167.15, 1', 0),
('157.55.39.223, ', 0),
('66.249.69.97, 1', 0),
('66.249.69.123, ', 0),
('66.249.69.114, ', 0),
('66.249.69.125, ', 0),
('66.249.69.118, ', 0),
('180.76.15.20, 1', 0),
('194.99.105.114,', 0),
('66.249.69.127, ', 0),
('66.249.69.100, ', 0),
('180.76.15.23, 1', 0),
('207.46.13.35, 1', 0),
('40.77.167.102, ', 0),
('66.249.69.126, ', 0),
('207.46.13.115, ', 0),
('157.55.39.175, ', 0),
('207.46.13.41, 1', 0),
('157.55.39.244, ', 0),
('66.249.69.116, ', 0),
('157.55.39.140, ', 0),
('157.55.39.176, ', 0),
('110.83.60.213, ', 0),
('207.46.13.104, ', 0),
('207.46.13.102, ', 0),
('180.163.220.4, ', 0),
('180.163.220.68,', 0),
('171.13.14.36, 1', 0),
('180.76.15.28, 1', 0),
('207.46.13.80, 1', 0),
('207.46.13.140, ', 0),
('180.76.15.159, ', 0),
('157.55.39.172, ', 0),
('180.76.15.157, ', 0),
('157.55.39.112, ', 0),
('178.33.134.39, ', 0),
('145.239.20.49, ', 0),
('144.217.210.217', 0),
('192.99.106.71, ', 0),
('198.50.133.62, ', 0),
('149.202.12.2, 1', 0),
('5.196.174.225, ', 0),
('137.74.106.30, ', 0),
('198.50.133.50, ', 0),
('145.239.23.226,', 0),
('94.23.96.91, 16', 0),
('176.31.3.239, 1', 0),
('145.239.20.22, ', 0),
('167.114.52.113,', 0),
('167.114.52.126,', 0),
('167.114.197.34,', 0),
('198.50.196.62, ', 0),
('54.36.34.164, 1', 0),
('151.80.9.157, 1', 0),
('145.239.26.226,', 0),
('144.217.191.234', 0),
('176.31.38.137, ', 0),
('192.95.13.74, 1', 0),
('5.196.195.142, ', 0),
('144.217.207.242', 0),
('145.239.25.84, ', 0),
('188.165.161.101', 0),
('167.114.193.53,', 0),
('207.46.13.15, 1', 0),
('40.77.167.99, 1', 0),
('216.145.11.94, ', 0),
('157.55.39.38, 1', 0),
('100.26.121.45, ', 0),
('139.81.79.192, ', 0),
('207.46.13.101, ', 0),
('77.88.47.68, 17', 0),
('141.8.143.142, ', 0),
('37.9.87.164, 17', 0),
('37.9.87.166, 17', 0),
('180.76.15.153, ', 0),
('180.76.15.136, ', 0),
('45.40.127.217, ', 0),
('180.76.15.148, ', 0),
('157.55.39.107, ', 0),
('178.171.1.183, ', 0),
('45.40.126.217, ', 0),
('207.46.13.233, ', 0),
('40.77.167.116, ', 0),
('40.77.167.70, 1', 0),
('142.93.75.197, ', 0),
('185.39.144.148,', 0),
('171.67.70.43, 1', 0),
('188.166.111.182', 0),
('40.77.194.79, 1', 0),
('40.77.167.82, 1', 0),
('68.183.55.81, 1', 0),
('207.46.13.31, 1', 0),
('180.76.15.163, ', 0),
('40.77.167.14, 1', 0),
('207.46.13.16, 1', 0),
('207.46.13.9, 16', 0),
('207.46.13.9, 10', 0),
('207.46.13.219, ', 0),
('157.55.39.232, ', 0),
('185.234.217.206', 0),
('184.154.74.66, ', 0),
('207.46.13.53, 1', 0),
('157.55.39.161, ', 0),
('157.55.39.63, 1', 0),
('207.46.13.59, 1', 0),
('157.55.39.126, ', 0),
('40.77.167.104, ', 0),
('180.76.15.143, ', 0),
('207.46.13.92, 1', 0),
('207.46.13.100, ', 0),
('157.55.39.208, ', 0),
('207.46.13.99, 1', 0),
('68.183.150.112,', 0),
('68.183.58.160, ', 0),
('207.46.13.242, ', 0),
('209.17.97.50, 1', 0),
('157.55.39.173, ', 0),
('139.162.72.149,', 0),
('157.55.39.115, ', 0),
('157.55.39.183, ', 0),
('209.17.97.106, ', 0),
('207.46.13.216, ', 0),
('207.46.13.4, 16', 0),
('207.46.13.2, 10', 0),
('40.77.167.205, ', 0),
('40.77.167.145, ', 0),
('40.77.167.29, 1', 0),
('66.70.206.209, ', 0),
('207.46.13.82, 1', 0),
('106.202.196.162', 0),
('157.55.39.78, 1', 0),
('3.94.249.110, 1', 0),
('122.129.76.129,', 0),
('180.76.15.5, 16', 0),
('142.93.65.227, ', 0),
('207.46.13.37, 1', 0),
('178.171.126.99,', 0),
('184.174.56.28, ', 0),
('178.171.63.204,', 0),
('181.41.221.158,', 0),
('180.76.15.14, 1', 0),
('207.46.13.28, 1', 0),
('138.197.111.143', 0),
('93.158.161.140,', 0),
('178.154.244.148', 0),
('100.43.91.124, ', 0),
('40.77.167.222, ', 0),
('40.77.167.107, ', 0),
('180.76.15.139, ', 0),
('59.56.241.218, ', 0),
('207.46.13.169, ', 0),
('66.249.69.2, 17', 0),
('63.97.8.76, 108', 0),
('63.97.8.76, 172', 0),
('207.46.13.206, ', 0),
('157.55.39.95, 1', 0),
('207.46.13.128, ', 0),
('180.76.15.162, ', 0),
('207.46.13.202, ', 0),
('207.46.13.88, 1', 0),
('157.55.39.90, 1', 0),
('157.55.39.155, ', 0),
('178.128.225.180', 0),
('40.77.167.1, 16', 0),
('157.55.39.3, 10', 0),
('157.55.39.3, 16', 0),
('40.77.167.218, ', 0),
('157.55.39.8, 10', 0),
('207.46.13.132, ', 0),
('40.77.188.60, 1', 0),
('104.236.37.44, ', 0),
('52.72.142.18, 1', 0),
('122.129.76.129', 0),
('207.46.13.5, 16', 0),
('103.255.5.64, 1', 0),
('157.55.39.58, 1', 0),
('157.55.39.191, ', 0),
('207.46.13.86, 1', 0),
('157.55.39.174, ', 0),
('138.197.111.238', 0),
('182.185.239.85,', 0),
('182.185.241.79,', 0),
('157.55.39.238, ', 0),
('157.55.39.218, ', 0),
('207.46.13.3, 10', 0),
('157.55.39.100, ', 0),
('66.249.73.84, 1', 0),
('66.249.73.86, 1', 0),
('40.77.167.162, ', 0),
('157.55.39.227, ', 0),
('207.46.13.130, ', 0),
('180.76.15.15, 1', 0),
('182.185.198.101', 0),
('40.77.167.16, 1', 0),
('207.46.13.136, ', 0),
('157.55.39.213, ', 0),
('180.76.15.6, 17', 0),
('207.46.13.26, 1', 0),
('157.55.39.137, ', 0),
('77.88.47.1, 172', 0),
('37.9.87.133, 16', 0),
('157.55.39.2, 16', 0),
('180.76.15.21, 1', 0),
('178.171.40.161,', 0),
('3.80.168.17, 17', 0),
('191.96.137.136,', 0),
('38.145.85.89, 1', 0),
('184.174.17.126,', 0),
('109.201.154.197', 0),
('157.55.39.186, ', 0),
('169.235.42.152,', 0),
('2607:fb90:3647:', 0),
('159.203.59.21', 0),
('157.55.39.9, 16', 0),
('182.185.251.10', 0),
('40.77.189.244, ', 0),
('207.46.13.250, ', 0),
('66.249.65.91, 1', 0),
('207.46.13.155, ', 0),
('31.184.238.190,', 0),
('40.77.167.149, ', 0),
('157.55.39.207, ', 0),
('142.93.67.124, ', 0),
('40.77.167.105, ', 0),
('157.55.39.57, 1', 0),
('157.55.39.164, ', 0),
('159.65.35.16, 1', 0),
('180.76.15.145, ', 0),
('218.66.74.253, ', 0),
('40.77.167.126, ', 0),
('207.46.13.165, ', 0),
('40.77.167.36, 1', 0),
('180.76.15.150, ', 0),
('40.77.167.57, 1', 0),
('40.77.167.136, ', 0),
('40.77.167.127, ', 0),
('100.43.85.173, ', 0),
('178.154.246.135', 0),
('40.77.167.61, 1', 0),
('157.55.39.154, ', 0),
('207.46.13.36, 1', 0),
('157.55.39.247, ', 0),
('40.77.167.142, ', 0),
('180.76.15.137, ', 0),
('157.55.39.231, ', 0),
('178.62.82.141, ', 0),
('207.46.13.69, 1', 0),
('66.249.70.4, 17', 0),
('141.8.144.2, 16', 0),
('100.43.91.105, ', 0),
('40.77.167.176, ', 0),
('40.77.167.20, 1', 0),
('157.55.39.69, 1', 0),
('66.249.70.2, 17', 0),
('157.55.39.157, ', 0),
('83.97.23.117, 1', 0),
('180.76.15.142, ', 0),
('40.77.195.27, 1', 0),
('207.46.13.194, ', 0),
('40.77.167.46, 1', 0),
('207.46.13.178, ', 0),
('52.90.172.169, ', 0),
('40.77.167.0, 17', 0),
('171.36.135.34, ', 0),
('207.46.13.127, ', 0),
('65.55.210.183, ', 0),
('185.234.217.11,', 0),
('157.55.39.144, ', 0),
('180.76.15.152, ', 0),
('207.46.13.224, ', 0),
('207.46.13.203, ', 0),
('159.65.241.136,', 0),
('46.166.186.208,', 0),
('66.249.65.93, 1', 0),
('40.77.167.195, ', 0),
('157.55.39.136, ', 0),
('207.46.13.191, ', 0),
('64.246.165.10, ', 0),
('104.236.63.51, ', 0),
('67.227.110.241,', 0),
('67.227.99.66, 1', 0),
('106.223.146.82,', 0),
('40.77.167.80, 1', 0),
('40.77.188.167, ', 0),
('207.46.13.13, 1', 0),
('207.46.13.134, ', 0),
('66.249.75.27, 1', 0),
('66.249.75.25, 1', 0),
('184.174.32.238,', 0),
('216.74.122.98, ', 0),
('66.249.69.198, ', 0),
('66.249.69.202, ', 0),
('66.249.69.223, ', 0),
('66.249.69.192, ', 0),
('157.55.39.139, ', 0),
('138.197.7.102, ', 0),
('180.76.15.12, 1', 0),
('3.17.158.185, 1', 0),
('66.249.75.26, 1', 0),
('40.77.167.96, 1', 0),
('167.114.174.95,', 0),
('157.55.39.60, 1', 0),
('207.46.13.166, ', 0),
('40.77.167.131, ', 0),
('106.223.4.205, ', 0),
('157.55.39.195, ', 0),
('180.76.15.33, 1', 0),
('173.193.191.200', 0),
('40.77.167.138, ', 0),
('77.88.47.1, 162', 0),
('40.77.253.0, 17', 0),
('40.77.189.4, 16', 0),
('207.46.13.223, ', 0),
('66.249.65.92, 1', 0),
('40.77.167.78, 1', 0),
('157.55.39.151, ', 0),
('40.77.167.206, ', 0),
('180.76.15.32, 1', 0),
('66.249.66.159, ', 0),
('138.197.96.182,', 0),
('40.77.167.79, 1', 0),
('207.46.13.122, ', 0),
('207.46.13.75, 1', 0),
('5.39.119.2, 162', 0),
('198.50.162.215,', 0),
('137.74.106.29, ', 0),
('144.217.207.249', 0),
('5.39.119.12, 16', 0),
('149.202.96.14, ', 0),
('167.114.191.66,', 0),
('149.202.112.210', 0),
('178.33.134.34, ', 0),
('5.39.99.251, 16', 0),
('151.80.181.80, ', 0),
('151.80.247.140,', 0),
('198.50.133.61, ', 0),
('198.50.202.52, ', 0),
('145.239.26.236,', 0),
('151.80.162.235,', 0),
('167.114.23.178,', 0),
('144.217.0.185, ', 0),
('193.70.127.243,', 0),
('192.99.222.113,', 0),
('5.39.24.168, 16', 0),
('167.114.189.24,', 0),
('188.165.174.106', 0),
('92.222.115.253,', 0),
('54.36.34.171, 1', 0),
('5.196.251.238, ', 0),
('145.239.26.232,', 0),
('213.32.32.20, 1', 0),
('217.182.225.78,', 0),
('40.77.167.26, 1', 0),
('207.46.13.91, 1', 0),
('40.77.167.189, ', 0),
('66.249.65.76, 1', 0),
('182.185.177.100', 0),
('40.77.189.234, ', 0),
('182.185.184.55,', 0),
('54.152.70.212, ', 0),
('18.234.40.193, ', 0),
('34.239.254.200,', 0),
('3.89.65.30, 172', 0),
('40.77.167.169, ', 0),
('37.9.87.171, 16', 0),
('165.227.72.153,', 0),
('182.185.188.45,', 0),
('182.185.130.35,', 0),
('40.77.167.221, ', 0),
('46.166.137.198,', 0),
('188.165.197.221', 0),
('207.46.13.188, ', 0),
('157.55.39.122, ', 0),
('157.55.39.215, ', 0),
('107.6.169.250, ', 0),
('207.46.13.116, ', 0),
('157.55.39.237, ', 0),
('207.46.13.97, 1', 0),
('173.193.191.202', 0),
('109.201.138.231', 0),
('180.76.15.34, 1', 0),
('207.46.13.14, 1', 0),
('195.3.144.185, ', 0),
('109.201.154.236', 0),
('66.249.65.80, 1', 0),
('207.46.13.207, ', 0),
('216.13.106.172,', 0),
('40.77.167.35, 1', 0),
('138.197.73.15, ', 0),
('66.249.65.78, 1', 0),
('158.46.221.184,', 0),
('181.215.32.232,', 0),
('181.41.203.225,', 0),
('184.174.7.161, ', 0),
('157.55.39.194, ', 0),
('40.77.167.94, 1', 0),
('91.79.2.105, 16', 0),
('207.46.13.46, 1', 0),
('180.76.15.146, ', 0),
('180.76.15.25, 1', 0),
('54.215.211.162,', 0),
('209.17.96.250, ', 0),
('134.209.44.159,', 0),
('40.77.167.170, ', 0),
('40.77.167.197, ', 0),
('180.76.15.18, 1', 0),
('47.92.133.59, 1', 0),
('40.77.167.172, ', 0),
('109.201.154.248', 0),
('136.243.172.24,', 0),
('66.249.70.10, 1', 0),
('209.17.97.2, 10', 0),
('66.249.70.3, 10', 0),
('207.46.13.210, ', 0),
('159.65.183.98, ', 0),
('66.249.70.3, 17', 0),
('66.249.70.6, 17', 0),
('207.46.13.56, 1', 0),
('66.249.70.3, 16', 0),
('180.76.15.17, 1', 0),
('157.55.39.179, ', 0),
('66.249.70.8, 16', 0),
('159.89.45.46, 1', 0),
('66.249.70.9, 17', 0),
('2600:1900:2001:', 0),
('66.249.70.8, 17', 0),
('66.249.70.1, 17', 0),
('66.249.70.5, 16', 0),
('66.249.70.7, 16', 0),
('107.21.1.8, 172', 0),
('107.21.1.8, 162', 0),
('66.249.70.6, 16', 0),
('66.249.70.1, 16', 0),
('66.249.70.7, 17', 0),
('66.249.70.11, 1', 0),
('40.77.190.38, 1', 0),
('46.166.190.149,', 0),
('66.249.70.5, 17', 0),
('66.249.70.9, 16', 0),
('66.249.70.6, 10', 0),
('66.249.70.7, 10', 0),
('157.55.39.246, ', 0),
('165.227.210.120', 0),
('111.206.36.19, ', 0),
('91.206.14.10, 1', 0),
('109.201.154.136', 0),
('106.202.157.9, ', 0),
('46.166.190.134,', 0),
('39.98.71.133, 1', 0),
('54.224.44.234, ', 0),
('46.166.137.202,', 0),
('159.203.114.7, ', 0),
('45.55.54.168, 1', 0),
('109.201.154.224', 0),
('109.201.152.237', 0),
('109.201.152.27,', 0),
('134.209.38.8, 1', 0),
('134.209.32.58, ', 0),
('40.77.167.72, 1', 0),
('94.19.150.216, ', 0),
('109.201.152.248', 0),
('185.101.216.149', 0),
('178.175.143.158', 0),
('51.38.162.232, ', 0),
('46.166.190.135,', 0),
('144.217.90.68, ', 0),
('82.223.14.245, ', 0),
('46.166.190.150,', 0),
('180.76.15.135, ', 0),
('209.17.96.10, 1', 0),
('40.77.167.84, 1', 0),
('223.225.35.57, ', 0),
('100.25.183.227,', 0),
('54.164.253.58, ', 0),
('52.90.185.129, ', 0),
('185.44.130.194,', 0),
('194.165.185.132', 0),
('185.44.131.62, ', 0),
('178.165.72.177,', 0),
('66.249.66.138, ', 0),
('66.249.66.140, ', 0),
('66.249.66.151, ', 0),
('109.201.138.225', 0),
('66.249.66.142, ', 0),
('187.178.75.109,', 0),
('66.249.66.131, ', 0),
('221.229.204.71,', 0),
('40.77.190.88, 1', 0),
('66.249.66.129, ', 0),
('38.117.96.154, ', 0),
('173.211.85.254,', 0),
('77.247.181.165,', 0),
('205.185.126.56,', 0),
('158.46.143.111,', 0),
('184.174.31.123,', 0),
('67.227.98.99, 1', 0),
('46.166.190.146,', 0),
('204.85.191.31, ', 0),
('54.39.151.216, ', 0),
('91.92.109.119, ', 0),
('142.93.191.243,', 0),
('178.175.143.165', 0),
('159.65.44.121, ', 0),
('178.175.148.224', 0),
('109.70.100.24, ', 0),
('45.66.32.220, 1', 0),
('109.201.154.222', 0),
('209.17.96.66, 1', 0),
('66.249.79.131, ', 0),
('66.249.79.159, ', 0),
('46.166.190.154,', 0),
('178.175.132.209', 0),
('54.38.159.90, 1', 0),
('81.17.27.132, 1', 0),
('66.249.79.129, ', 0),
('66.249.79.151, ', 0),
('207.46.13.160, ', 0),
('66.249.79.138, ', 0),
('66.249.79.140, ', 0),
('40.77.167.58, 1', 0),
('66.249.79.142, ', 0),
('207.46.13.228, ', 0),
('199.249.230.83,', 0),
('180.76.15.9, 17', 0),
('157.55.39.114, ', 0),
('100.43.85.104, ', 0),
('192.99.79.141, ', 0),
('151.80.162.228,', 0),
('213.32.82.188, ', 0),
('217.182.27.215,', 0),
('217.182.225.72,', 0),
('213.32.32.18, 1', 0),
('144.217.0.177, ', 0),
('5.196.195.132, ', 0),
('91.134.172.24, ', 0),
('176.31.73.159, ', 0),
('51.254.188.236,', 0),
('217.182.43.195,', 0),
('151.80.191.95, ', 0),
('198.50.133.49, ', 0),
('151.80.162.247,', 0),
('151.80.162.244,', 0),
('145.239.20.55, ', 0),
('188.165.161.111', 0),
('5.39.24.171, 14', 0),
('193.70.127.252,', 0),
('54.36.184.255, ', 0),
('151.80.67.89, 1', 0),
('149.202.123.47,', 0),
('217.182.27.216,', 0),
('213.32.32.22, 1', 0),
('149.56.238.25, ', 0),
('198.50.202.54, ', 0),
('149.202.112.209', 0),
('178.17.171.39, ', 0),
('157.55.39.162, ', 0),
('178.159.37.34, ', 0),
('40.77.195.162, ', 0),
('40.77.167.180, ', 0),
('66.249.69.3, 17', 0),
('66.249.69.12, 1', 0),
('66.249.69.16, 1', 0),
('66.249.69.14, 1', 0),
('157.55.39.8, 16', 0),
('178.175.132.214', 0),
('47.92.250.223, ', 0),
('171.25.193.25, ', 0),
('185.107.83.71, ', 0),
('188.92.74.189, ', 0),
('46.182.106.190,', 0),
('40.77.190.64, 1', 0),
('159.203.82.212,', 0),
('192.42.116.20, ', 0),
('195.228.45.176,', 0),
('66.249.69.5, 17', 0),
('166.70.207.2, 1', 0),
('197.231.221.211', 0),
('66.249.69.3, 10', 0),
('207.46.13.11, 1', 0),
('193.169.254.92,', 0),
('188.214.104.146', 0),
('66.249.69.29, 1', 0),
('193.9.114.139, ', 0),
('185.4.132.183, ', 0),
('185.255.112.137', 0),
('157.55.39.184, ', 0),
('66.249.69.15, 1', 0),
('51.15.125.181, ', 0),
('159.65.190.111,', 0),
('209.17.97.34, 1', 0),
('185.220.102.4, ', 0),
('157.55.39.104, ', 0),
('223.225.88.217,', 0),
('178.175.143.166', 0),
('40.77.195.149, ', 0),
('157.55.39.228, ', 0),
('106.202.208.124', 0),
('71.19.148.20, 1', 0),
('158.69.225.37, ', 0),
('3.89.247.241, 1', 0),
('2a07:5741:0:f43', 0),
('54.36.189.105, ', 0),
('65.19.167.132, ', 0),
('87.118.112.63, ', 0),
('23.129.64.101, ', 0),
('109.201.152.1, ', 0),
('157.55.39.72, 1', 0),
('193.90.12.119, ', 0),
('66.249.69.7, 17', 0),
('46.165.254.166,', 0),
('198.98.50.112, ', 0),
('162.213.3.221, ', 0),
('157.55.39.199, ', 0),
('46.165.245.154,', 0),
('66.249.69.7, 16', 0),
('82.80.249.214, ', 0),
('82.80.249.158, ', 0),
('82.80.249.204, ', 0),
('82.80.249.133, ', 0),
('82.80.230.228, ', 0),
('82.80.249.157, ', 0),
('82.80.249.163, ', 0),
('66.249.69.3, 16', 0),
('110.225.74.145,', 0),
('40.77.167.86, 1', 0),
('89.187.143.31, ', 0),
('179.43.146.230,', 0),
('185.220.101.67,', 0),
('192.42.116.13, ', 0),
('172.96.118.14, ', 0),
('185.220.101.24,', 0),
('207.46.13.146, ', 0),
('62.102.148.67, ', 0),
('198.98.62.49, 1', 0),
('54.208.102.37, ', 0),
('37.128.222.30, ', 0),
('64.246.161.30, ', 0),
('36.110.199.14, ', 0),
('193.169.145.66,', 0),
('207.46.13.0, 16', 0),
('207.46.13.0, 10', 0),
('51.77.52.160, 1', 0),
('185.220.102.6, ', 0),
('209.141.40.86, ', 0),
('157.55.39.169, ', 0),
('157.55.39.240, ', 0),
('82.117.84.207, ', 0),
('158.46.158.75, ', 0),
('184.174.30.245,', 0),
('184.174.119.222', 0),
('40.77.167.34, 1', 0),
('51.15.75.133, 1', 0),
('199.195.248.177', 0),
('195.176.3.20, 1', 0),
('40.77.167.28, 1', 0),
('157.55.39.196, ', 0),
('82.221.131.102,', 0),
('180.97.35.63, 1', 0),
('40.77.189.57, 1', 0),
('109.70.100.25, ', 0),
('180.76.15.138, ', 0),
('192.42.116.16, ', 0),
('91.219.237.244,', 0),
('149.202.170.60,', 0),
('54.165.59.7, 16', 0),
('54.165.59.7, 17', 0),
('180.76.15.8, 17', 0),
('138.197.71.220,', 0),
('199.249.230.69,', 0),
('46.166.190.155,', 0),
('91.219.238.95, ', 0),
('130.161.3.215, ', 0),
('66.249.70.9, 10', 0),
('192.42.116.22, ', 0),
('138.197.2.7, 16', 0),
('138.197.2.7, 17', 0),
('138.197.2.7, 10', 0),
('39.104.200.29, ', 0),
('40.77.194.201, ', 0),
('40.77.190.79, 1', 0),
('192.42.116.15, ', 0),
('185.220.101.68,', 0),
('46.166.190.153,', 0),
('207.46.13.63, 1', 0),
('156.54.213.67, ', 0),
('91.236.116.14, ', 0),
('62.102.148.69, ', 0),
('178.154.244.159', 0),
('31.131.2.19, 17', 0),
('157.55.39.135, ', 0),
('185.93.54.51, 1', 0),
('185.220.101.22,', 0),
('51.38.113.64, 1', 0),
('185.220.102.8, ', 0),
('185.220.101.7, ', 0),
('5.79.86.16, 172', 0),
('51.15.53.83, 14', 0),
('223.225.0.124, ', 0),
('178.175.132.228', 0),
('40.77.252.48, 1', 0),
('84.200.12.61, 1', 0),
('165.227.73.7, 1', 0),
('158.69.192.200,', 0),
('51.77.62.52, 16', 0),
('5.255.250.112, ', 0),
('18.85.192.253, ', 0),
('40.77.167.194, ', 0),
('40.77.190.36, 1', 0),
('51.15.117.50, 1', 0),
('178.175.148.165', 0),
('89.234.157.254,', 0),
('137.74.167.96, ', 0),
('212.47.226.52, ', 0),
('185.220.101.35,', 0),
('40.77.167.148, ', 0),
('81.17.27.130, 1', 0),
('169.197.108.30,', 0),
('95.216.145.1, 1', 0),
('207.46.13.185, ', 0),
('109.70.100.26, ', 0),
('51.15.128.3, 10', 0),
('128.31.0.13, 17', 0),
('109.70.100.19, ', 0),
('185.220.101.62,', 0),
('178.175.143.155', 0),
('51.38.64.136, 1', 0),
('185.220.102.7, ', 0),
('40.77.167.103, ', 0),
('195.176.3.24, 1', 0),
('94.100.6.72, 17', 0),
('185.220.101.54,', 0),
('91.207.174.75, ', 0),
('77.247.181.162,', 0),
('223.176.155.45,', 0),
('106.215.159.165', 0),
('188.92.72.129, ', 0),
('144.217.80.80, ', 0),
('178.175.148.227', 0),
('65.19.167.130, ', 0),
('207.46.13.47, 1', 0),
('185.165.169.165', 0),
('66.249.69.34, 1', 0),
('66.249.69.37, 1', 0),
('66.249.69.39, 1', 0),
('66.249.69.41, 1', 0),
('164.132.51.91, ', 0),
('109.70.100.18, ', 0),
('69.58.178.56, 1', 0),
('157.55.39.133, ', 0),
('40.77.188.37, 1', 0),
('158.174.122.199', 0),
('40.77.167.97, 1', 0),
('38.145.87.38, 1', 0),
('51.68.214.45, 1', 0),
('77.247.181.163,', 0),
('207.46.13.198, ', 0),
('38.145.90.62, 1', 0),
('139.81.205.173,', 0),
('191.96.24.233, ', 0),
('212.47.248.66, ', 0),
('51.68.174.112, ', 0),
('94.156.77.134, ', 0),
('193.201.225.45,', 0),
('180.76.15.27, 1', 0),
('198.50.200.129,', 0),
('198.50.200.131,', 0),
('37.187.129.166,', 0),
('54.37.234.66, 1', 0),
('216.158.98.38, ', 0),
('185.56.171.94, ', 0),
('178.175.132.230', 0),
('138.197.177.62,', 0),
('51.15.252.1, 10', 0),
('159.203.96.245,', 0),
('45.62.250.179, ', 0),
('46.29.248.238, ', 0),
('178.175.143.163', 0),
('51.77.177.194, ', 0),
('178.175.132.213', 0),
('185.220.101.31,', 0),
('185.220.101.21,', 0),
('185.220.101.33,', 0),
('185.220.100.254', 0),
('195.254.134.242', 0),
('63.33.62.203, 1', 0),
('46.173.214.3, 1', 0),
('40.77.253.5, 17', 0),
('85.248.227.164,', 0),
('176.10.99.200, ', 0),
('209.17.96.226, ', 0),
('51.15.187.209, ', 0),
('144.217.164.104', 0),
('109.70.100.23, ', 0),
('185.220.100.252', 0),
('39.104.112.225,', 0),
('195.206.105.217', 0),
('185.220.101.25,', 0),
('199.249.230.81,', 0),
('163.172.151.47,', 0),
('40.77.193.230, ', 0),
('158.69.252.227,', 0),
('185.220.101.70,', 0),
('144.217.190.218', 0),
('213.32.82.178, ', 0),
('79.137.28.147, ', 0),
('217.182.9.101, ', 0),
('144.217.191.232', 0),
('178.33.152.168,', 0),
('198.50.232.6, 1', 0),
('188.165.174.228', 0),
('192.99.79.140, ', 0),
('151.80.9.147, 1', 0),
('151.80.9.151, 1', 0),
('144.217.0.191, ', 0),
('94.23.96.91, 14', 0),
('193.70.127.245,', 0),
('144.217.0.183, ', 0),
('79.137.106.160,', 0),
('198.50.169.44, ', 0),
('145.239.26.227,', 0),
('217.182.48.92, ', 0),
('149.202.123.44,', 0),
('167.114.189.25,', 0),
('145.239.23.84, ', 0),
('142.4.192.64, 1', 0),
('217.182.9.110, ', 0),
('147.135.197.66,', 0),
('167.114.25.150,', 0),
('192.99.206.166,', 0),
('217.182.37.112,', 0),
('149.202.123.34,', 0),
('167.114.191.65,', 0),
('185.220.101.34,', 0),
('138.197.111.105', 0),
('96.44.172.77, 1', 0),
('82.221.131.71, ', 0),
('185.220.101.52,', 0),
('85.235.65.198, ', 0),
('192.160.102.170', 0),
('195.154.107.52,', 0),
('185.253.97.248,', 0),
('71.19.144.106, ', 0),
('180.76.15.5, 17', 0),
('46.166.137.211,', 0),
('40.77.167.171, ', 0),
('40.77.188.154, ', 0),
('199.249.230.64,', 0),
('66.146.193.33, ', 0),
('205.185.127.219', 0),
('207.46.13.137, ', 0),
('176.31.101.204,', 0),
('40.77.188.143, ', 0),
('104.218.63.76, ', 0),
('71.163.48.39, 1', 0),
('43.242.135.130,', 0),
('178.175.132.227', 0),
('204.194.29.4, 1', 0),
('185.220.101.30,', 0),
('178.20.55.18, 1', 0),
('87.118.116.90, ', 0),
('198.98.50.201, ', 0),
('207.46.13.50, 1', 0),
('109.201.152.22,', 0),
('40.77.167.181, ', 0),
('65.181.122.48, ', 0),
('162.247.74.216,', 0),
('104.236.59.33, ', 0),
('46.165.230.5, 1', 0),
('74.82.47.194, 1', 0),
('5.45.64.76, 162', 0),
('144.217.60.239,', 0),
('2a02:c207:3001:', 0),
('178.175.132.212', 0),
('51.15.59.9, 162', 0),
('94.230.208.147,', 0),
('89.31.57.5, 172', 0),
('185.4.132.135, ', 0),
('204.17.56.42, 1', 0),
('223.176.169.196', 0),
('106.215.175.148', 0),
('185.220.101.6, ', 0),
('62.210.83.78, 1', 0),
('163.172.251.254', 0),
('115.134.221.118', 0),
('104.200.20.46, ', 0),
('138.197.111.190', 0),
('51.15.92.212, 1', 0),
('185.248.160.65,', 0),
('37.9.87.199, 17', 0),
('100.43.91.101, ', 0),
('81.17.27.139, 1', 0),
('209.17.96.218, ', 0),
('81.17.27.131, 1', 0),
('46.166.137.215,', 0),
('109.201.138.226', 0),
('158.69.193.32, ', 0),
('89.203.249.251,', 0),
('51.38.134.189, ', 0),
('185.234.219.119', 0),
('178.159.127.39,', 0),
('178.175.132.211', 0),
('40.77.167.108, ', 0),
('176.10.107.180,', 0),
('31.31.72.24, 17', 0),
('204.85.191.9, 1', 0),
('207.46.13.40, 1', 0),
('141.8.144.6, 17', 0),
('223.176.168.148', 0),
('54.144.200.70, ', 0),
('54.227.65.159, ', 0),
('185.220.101.5, ', 0),
('199.87.154.255,', 0),
('199.249.230.79,', 0),
('46.101.61.36, 1', 0),
('51.75.253.147, ', 0),
('89.234.190.157,', 0),
('180.76.15.30, 1', 0),
('54.39.148.233, ', 0),
('182.185.215.127', 0),
('137.74.169.241,', 0),
('178.175.132.210', 0),
('109.70.100.21, ', 0),
('199.249.230.66,', 0),
('195.254.135.76,', 0),
('185.104.120.4, ', 0),
('162.244.81.117,', 0),
('178.175.132.225', 0),
('157.157.87.22, ', 0),
('40.77.193.56, 1', 0),
('45.33.2.193, 17', 0),
('45.33.2.193, 10', 0),
('179.48.251.188,', 0),
('46.166.190.169,', 0),
('185.104.120.3, ', 0),
('51.15.59.9, 141', 0),
('54.37.16.241, 1', 0),
('185.104.120.2, ', 0),
('106.215.222.41,', 0),
('223.176.218.17,', 0),
('51.15.224.0, 10', 0),
('185.169.42.141,', 0),
('144.217.166.26,', 0),
('66.42.224.235, ', 0),
('192.42.116.28, ', 0),
('223.176.223.185', 0),
('39.45.167.80, 1', 0),
('199.249.230.84,', 0),
('104.192.3.226, ', 0),
('185.220.101.46,', 0),
('89.31.57.5, 162', 0),
('51.15.36.100, 1', 0),
('109.70.100.22, ', 0),
('185.220.101.1, ', 0),
('91.250.241.241,', 0),
('46.17.46.199, 1', 0),
('40.77.167.210, ', 0),
('46.246.65.162, ', 0),
('157.55.39.96, 1', 0),
('51.15.37.97, 14', 0),
('145.239.93.33, ', 0),
('5.255.250.167, ', 0),
('185.234.219.115', 0),
('185.220.101.58,', 0),
('66.222.153.25, ', 0),
('81.171.29.146, ', 0),
('40.77.167.24, 1', 0),
('217.182.78.177,', 0),
('72.83.43.53, 16', 0),
('104.131.56.97, ', 0),
('159.203.83.135,', 0),
('40.77.167.106, ', 0),
('223.176.216.113', 0),
('106.215.216.137', 0),
('64.27.17.140, 1', 0),
('130.149.80.199,', 0),
('185.100.86.182,', 0),
('144.217.166.19,', 0),
('64.113.32.29, 1', 0),
('185.220.101.69,', 0),
('87.118.110.27, ', 0),
('185.255.112.148', 0),
('192.42.116.23, ', 0),
('145.239.91.37, ', 0),
('185.220.101.26,', 0),
('212.47.229.60, ', 0),
('195.254.134.194', 0),
('62.102.148.68, ', 0),
('199.249.230.78,', 0),
('171.25.193.77, ', 0),
('109.70.100.20, ', 0),
('185.220.101.49,', 0),
('192.160.102.166', 0),
('199.249.230.71,', 0),
('209.95.51.11, 1', 0),
('176.31.45.3, 14', 0),
('163.172.66.247,', 0),
('178.239.176.73,', 0),
('185.220.101.44,', 0),
('14.175.60.12, 1', 0),
('51.68.152.26, 1', 0),
('159.65.24.22, 1', 0),
('46.166.137.193,', 0),
('3.85.16.180, 17', 0),
('54.172.14.223, ', 0),
('223.176.216.137', 0),
('106.215.222.185', 0),
('40.77.192.138, ', 0),
('40.77.188.165, ', 0),
('165.227.212.29,', 0),
('46.166.190.142,', 0),
('66.249.66.95, 1', 0),
('66.249.66.94, 1', 0),
('96.90.228.157, ', 0),
('50.116.35.113, ', 0),
('66.249.66.71, 1', 0),
('66.249.66.73, 1', 0),
('182.185.237.86,', 0),
('117.97.252.116,', 0),
('66.249.66.69, 1', 0),
('96.127.158.234,', 0),
('134.209.164.122', 0),
('52.25.2.133, 16', 0),
('66.249.66.93, 1', 0),
('157.55.39.230, ', 0),
('207.46.13.90, 1', 0),
('185.153.196.157', 0),
('182.185.226.108', 0),
('182.185.128.148', 0),
('223.225.2.163, ', 0),
('2604:9980:0:12a', 0),
('178.171.124.128', 0),
('158.46.220.25, ', 0),
('159.65.254.8, 1', 0),
('158.46.136.174,', 0),
('182.185.206.255', 0),
('223.225.3.211, ', 0),
('159.65.176.92, ', 0),
('68.183.159.155,', 0),
('3.90.249.50, 17', 0),
('157.55.39.75, 1', 0),
('38.131.156.103,', 0),
('159.65.40.120, ', 0),
('54.86.23.43, 17', 0),
('134.209.162.1, ', 0),
('3.90.27.61, 172', 0),
('42.236.10.84, 1', 0),
('42.236.10.75, 1', 0),
('42.236.10.78, 1', 0),
('42.236.10.106, ', 0),
('52.90.165.200, ', 0),
('52.87.230.102, ', 0),
('46.166.190.166,', 0),
('179.42.252.16, ', 0),
('157.55.39.210, ', 0),
('157.55.39.216, ', 0),
('109.201.154.213', 0),
('66.249.70.1, 10', 0),
('182.185.254.129', 0),
('157.55.39.98, 1', 0),
('109.201.138.237', 0),
('157.55.39.187, ', 0),
('207.46.13.5, 10', 0),
('107.6.183.162, ', 0),
('138.197.111.18,', 0),
('72.80.29.181, 1', 0),
('40.77.195.72, 1', 0),
('40.77.167.7, 17', 0),
('46.166.190.170,', 0),
('106.198.202.177', 0),
('106.199.77.225,', 0),
('35.171.16.47, 1', 0),
('3.88.129.158, 1', 0),
('40.77.167.9, 17', 0),
('113.35.251.98, ', 0),
('106.199.78.201,', 0),
('106.198.203.9, ', 0),
('106.223.74.146,', 0),
('182.185.150.133', 0),
('54.202.217.6, 1', 0),
('52.42.129.112, ', 0),
('51.158.25.61, 1', 0),
('157.55.39.117, ', 0),
('159.65.45.255, ', 0),
('40.77.188.28, 1', 0),
('138.197.170.180', 0),
('207.46.13.29, 1', 0),
('106.223.78.146,', 0),
('182.185.181.235', 0),
('98.248.114.56, ', 0),
('157.55.39.4, 10', 0),
('182.185.162.25,', 0),
('182.185.186.199', 0),
('207.46.13.109, ', 0),
('207.46.13.22, 1', 0),
('157.55.39.233, ', 0),
('139.81.76.243, ', 0),
('40.77.167.150, ', 0),
('157.55.39.188, ', 0),
('109.201.154.138', 0),
('157.55.39.7, 10', 0),
('178.171.49.98, ', 0),
('110.225.83.51, ', 0),
('182.185.255.191', 0),
('191.96.80.62, 1', 0),
('178.173.252.124', 0),
('209.17.96.34, 1', 0),
('40.77.167.30, 1', 0),
('209.17.96.58, 1', 0),
('40.77.195.36, 1', 0),
('88.198.39.184, ', 0),
('47.92.254.199, ', 0),
('40.77.167.216, ', 0),
('138.197.111.48,', 0),
('180.76.15.6, 16', 0),
('117.97.249.127,', 0),
('3.92.201.136, 1', 0),
('222.129.45.137,', 0),
('35.240.121.142,', 0),
('182.185.169.37,', 0),
('163.172.7.30', 0),
('39.98.249.129, ', 0),
('207.46.13.43, 1', 0),
('157.55.39.129, ', 0),
('185.234.218.100', 0),
('40.77.188.235, ', 0),
('144.217.71.103,', 0),
('212.180.208.122', 0),
('157.55.39.236, ', 0),
('157.55.39.254, ', 0),
('159.89.39.130, ', 0),
('100.43.90.113, ', 0),
('180.76.15.19, 1', 0),
('144.76.60.198, ', 0),
('106.223.190.115', 0),
('69.30.226.234, ', 0),
('40.77.190.43, 1', 0),
('54.155.145.200,', 0),
('138.197.111.244', 0),
('54.169.230.46, ', 0),
('110.225.88.209,', 0),
('39.98.238.205, ', 0),
('157.55.39.108, ', 0),
('119.155.10.175,', 0),
('34.201.219.22, ', 0),
('209.17.97.98, 1', 0),
('52.70.146.155, ', 0),
('3.86.49.216, 16', 0),
('207.46.13.196, ', 0),
('39.98.210.20, 1', 0),
('207.46.13.162, ', 0),
('46.166.186.224,', 0),
('157.55.39.190, ', 0),
('2001:41d0:2:5f8', 0),
('40.77.190.18, 1', 0),
('39.37.138.77, 1', 0),
('5.61.36.87, 172', 0),
('110.225.80.102,', 0),
('54.145.52.184, ', 0),
('18.212.180.53, ', 0),
('157.55.39.189, ', 0),
('38.145.83.104, ', 0),
('173.211.125.246', 0),
('158.46.211.248,', 0),
('139.81.206.199,', 0),
('13.57.191.57, 1', 0),
('40.77.167.1, 17', 0),
('165.227.184.22,', 0),
('40.77.167.177, ', 0),
('40.77.188.231, ', 0),
('209.17.97.114, ', 0),
('84.1.159.29, 17', 0),
('138.197.64.70, ', 0),
('157.55.39.4, 16', 0),
('198.204.244.90,', 0),
('119.155.14.125,', 0),
('192.99.4.37, 17', 0),
('96.227.61.123, ', 0),
('110.225.65.90, ', 0),
('142.93.67.229, ', 0),
('40.77.190.9, 10', 0),
('157.55.39.59, 1', 0),
('40.77.189.237, ', 0),
('40.77.189.136, ', 0),
('207.46.13.93, 1', 0),
('198.143.158.82,', 0),
('223.225.2.0, 14', 0),
('223.225.2.0, 16', 0),
('54.236.109.133,', 0),
('54.161.193.220,', 0),
('40.77.194.234, ', 0),
('142.93.177.155,', 0),
('45.55.251.205, ', 0),
('69.175.97.170, ', 0),
('46.166.190.157,', 0),
('51.75.145.219, ', 0),
('185.248.185.155', 0),
('91.132.37.75, 1', 0),
('181.215.16.114,', 0),
('158.46.173.119,', 0),
('144.217.99.65, ', 0),
('167.114.124.133', 0),
('142.4.219.91, 1', 0),
('117.97.227.158,', 0),
('52.87.220.173, ', 0),
('94.23.255.34, 1', 0),
('223.81.145.138,', 0),
('40.77.188.156, ', 0),
('109.201.152.236', 0),
('39.98.252.89, 1', 0),
('157.55.39.217, ', 0),
('157.55.39.113, ', 0),
('180.235.149.194', 0),
('109.201.154.198', 0),
('2a02:c207:2018:', 0),
('109.201.152.233', 0),
('82.117.240.50, ', 0),
('68.66.200.199, ', 0),
('138.197.7.66, 1', 0),
('180.76.15.10, 1', 0),
('180.76.15.24, 1', 0),
('144.217.73.217,', 0),
('157.55.39.83, 1', 0),
('117.97.240.202,', 0),
('157.55.39.143, ', 0),
('91.121.222.157,', 0),
('109.201.154.243', 0),
('199.249.230.107', 0),
('142.93.184.166,', 0),
('180.76.15.26, 1', 0),
('116.203.59.225,', 0),
('207.46.13.45, 1', 0),
('109.201.154.218', 0),
('5.135.230.129, ', 0),
('138.164.41.231[', 0),
('207.46.13.106, ', 0),
('46.101.128.99, ', 0),
('46.160.110.146,', 0);
INSERT INTO `active_guests` (`ip`, `timestamp`) VALUES
('40.77.167.9, 16', 0),
('109.201.154.132', 0),
('46.166.137.194,', 0),
('109.201.154.242', 0),
('159.203.103.62,', 0),
('199.249.230.87,', 0),
('138.68.143.226,', 0),
('18.18.248.17, 1', 0),
('104.244.74.165,', 0),
('23.129.64.167, ', 0),
('199.249.230.110', 0),
('199.249.230.85,', 0),
('157.55.39.192, ', 0),
('14.215.176.4, 1', 0),
('14.215.176.19, ', 0),
('219.142.246.58,', 0),
('94.242.59.89, 1', 0),
('207.46.13.23, 1', 0),
('40.77.188.114, ', 0),
('176.126.83.211,', 0),
('104.218.63.73, ', 0),
('171.22.120.130,', 0),
('77.183.170.93, ', 0),
('144.217.165.223', 0),
('199.249.230.105', 0),
('185.127.25.192,', 0),
('161.129.70.37, ', 0),
('46.166.186.197,', 0),
('31.220.40.54, 1', 0),
('185.220.100.253', 0),
('162.247.74.202,', 0),
('110.225.81.56, ', 0),
('39.37.185.108, ', 0),
('40.77.252.16, 1', 0),
('185.193.125.42,', 0),
('185.107.47.171,', 0),
('104.244.78.233,', 0),
('209.141.41.103,', 0),
('171.25.193.20, ', 0),
('199.249.230.80,', 0),
('158.69.192.239,', 0),
('23.239.23.104, ', 0),
('157.230.177.134', 0),
('199.249.230.104', 0),
('199.249.230.113', 0),
('110.167.95.180,', 0),
('119.39.46.105, ', 0),
('219.142.245.178', 0),
('123.163.114.168', 0),
('220.184.98.115,', 0),
('222.94.140.72, ', 0),
('101.249.227.234', 0),
('221.13.12.217, ', 0),
('125.76.61.156, ', 0),
('111.224.221.25,', 0),
('218.62.245.241,', 0),
('36.5.180.171, 1', 0),
('180.95.238.239,', 0),
('182.101.49.126,', 0),
('207.46.13.38, 1', 0),
('199.249.230.106', 0),
('199.249.230.118', 0),
('199.249.230.102', 0),
('51.15.43.205, 1', 0),
('114.24.94.66, 1', 0),
('23.129.64.160, ', 0),
('3.89.13.27, 172', 0),
('80.67.172.162, ', 0),
('162.247.74.200,', 0),
('104.244.76.13, ', 0),
('104.244.74.34, ', 0),
('167.99.42.89, 1', 0),
('167.114.181.152', 0),
('40.77.193.20, 1', 0),
('142.93.71.236, ', 0),
('207.46.13.107, ', 0),
('185.233.100.23,', 0),
('78.136.254.28, ', 0),
('110.225.66.16, ', 0),
('139.81.248.187,', 0),
('35.174.111.80, ', 0),
('204.209.148.233', 0),
('178.173.228.190', 0),
('185.6.8.7, 172.', 0),
('185.6.8.7, 162.', 0),
('185.220.101.48,', 0),
('62.98.12.136, 1', 0),
('185.220.101.29,', 0),
('199.249.230.100', 0),
('2001:41d0:203:1', 0),
('3.92.130.150', 0),
('3.82.149.11', 0),
('149.202.161.210', 0),
('223.225.47.212,', 0),
('45.40.134.107, ', 0),
('2a00:1ee0:2:7:0', 0),
('100.26.220.67, ', 0),
('52.91.30.150, 1', 0),
('2607:fad0:2326:', 0),
('47.190.19.75, 1', 0),
('119.59.97.123, ', 0),
('223.225.44.212,', 0),
('154.0.174.148, ', 0),
('68.66.216.59, 1', 0),
('45.118.159.110,', 0),
('159.69.67.232, ', 0),
('142.93.70.52, 1', 0),
('40.77.167.48, 1', 0),
('159.203.93.103,', 0),
('106.223.94.156,', 0),
('106.223.95.12, ', 0),
('100.26.240.212,', 0),
('89.238.150.30, ', 0),
('52.23.203.221, ', 0),
('18.208.221.58, ', 0),
('119.155.3.248, ', 0),
('207.46.13.60, 1', 0),
('162.241.217.150', 0),
('207.46.13.1, 16', 0),
('134.209.164.75,', 0),
('2001:41d0:1:e93', 0),
('81.88.49.26, 17', 0),
('81.88.49.29, 17', 0),
('31.22.4.100, 16', 0),
('31.22.4.100, 14', 0),
('134.209.45.95, ', 0),
('66.117.4.133, 1', 0),
('192.185.4.25, 1', 0),
('192.185.4.79, 1', 0),
('67.161.67.60, 1', 0),
('138.68.236.147,', 0),
('180.76.15.140, ', 0),
('40.77.252.149, ', 0),
('35.178.206.70, ', 0),
('138.197.111.184', 0),
('117.97.246.33, ', 0),
('34.229.158.218,', 0),
('54.221.53.134, ', 0),
('3.84.198.214, 1', 0),
('45.55.61.177, 1', 0),
('40.77.193.205, ', 0),
('159.203.64.144,', 0),
('207.46.13.52, 1', 0),
('3.214.21.251, 1', 0),
('40.77.167.208, ', 0),
('40.77.167.68, 1', 0),
('157.55.39.182, ', 0),
('223.225.106.81,', 0),
('52.86.48.28, 16', 0),
('40.77.195.230, ', 0),
('35.238.254.122,', 0),
('104.154.54.5, 1', 0),
('35.188.220.139,', 0),
('34.66.148.64, 1', 0),
('35.193.11.21, 1', 0),
('142.93.75.70, 1', 0),
('35.193.235.148,', 0),
('35.184.79.127, ', 0),
('139.81.248.252,', 0),
('104.198.178.112', 0),
('104.155.136.153', 0),
('178.136.123.202', 0),
('110.225.75.156,', 0),
('213.182.195.100', 0),
('66.246.224.12, ', 0),
('159.138.8.25, 1', 0),
('139.81.96.218, ', 0),
('40.77.252.8, 17', 0),
('5.8.10.202, 172', 0),
('182.88.234.127,', 0),
('121.204.19.27, ', 0),
('171.116.80.69, ', 0),
('175.42.3.39, 17', 0),
('58.248.201.81, ', 0),
('171.36.130.173,', 0),
('27.211.182.83, ', 0),
('40.77.167.120, ', 0),
('104.197.84.107,', 0),
('3.89.13.27, 162', 0),
('100.43.90.106, ', 0),
('141.8.144.25, 1', 0),
('100.43.85.109, ', 0),
('142.93.71.102, ', 0),
('188.166.88.141,', 0),
('207.46.13.51, 1', 0),
('89.46.106.107, ', 0),
('223.225.96.121,', 0),
('3.16.69.81, 162', 0),
('3.16.69.81, 172', 0),
('188.120.230.6, ', 0),
('69.27.116.4, 10', 0),
('111.196.61.218,', 0),
('67.205.154.209,', 0),
('66.240.236.119,', 0),
('40.77.193.95, 1', 0),
('2a03:b0c0:1:e0:', 0),
('192.111.144.50,', 0),
('125.253.112.155', 0),
('220.76.83.240, ', 0),
('2a02:c207:2023:', 0),
('51.75.28.34, 14', 0),
('51.75.28.34, 10', 0),
('176.28.118.42, ', 0),
('189.204.49.40, ', 0),
('40.77.167.0, 16', 0),
('207.46.13.175, ', 0),
('167.114.209.38,', 0),
('5.45.64.76, 141', 0),
('117.97.227.186,', 0),
('18.212.196.82, ', 0),
('157.55.39.241, ', 0),
('40.77.192.129, ', 0),
('157.55.39.81, 1', 0),
('142.93.184.162,', 0),
('195.154.104.97,', 0),
('119.155.62.183,', 0),
('3.83.50.128, 16', 0),
('40.77.194.108, ', 0),
('5.135.116.126, ', 0),
('151.80.162.226,', 0),
('145.239.19.79, ', 0),
('79.137.28.155, ', 0),
('92.222.115.240,', 0),
('54.36.32.193, 1', 0),
('5.196.251.228, ', 0),
('151.80.181.75, ', 0),
('144.217.0.188, ', 0),
('149.202.19.87, ', 0),
('167.114.193.57,', 0),
('149.202.118.102', 0),
('192.95.13.76, 1', 0),
('192.99.206.171,', 0),
('151.80.9.144, 1', 0),
('178.33.134.44, ', 0),
('149.202.123.33,', 0),
('151.80.181.83, ', 0),
('5.196.174.238, ', 0),
('147.135.197.69,', 0),
('149.56.238.28, ', 0),
('149.202.129.35,', 0),
('79.137.106.165,', 0),
('145.239.19.93, ', 0),
('149.202.129.46,', 0),
('151.80.191.82, ', 0),
('167.114.52.120,', 0),
('193.70.34.209, ', 0),
('223.225.11.101,', 0),
('72.255.51.57, 1', 0),
('119.155.55.215,', 0),
('181.215.204.92,', 0),
('107.6.171.130, ', 0),
('185.234.146.228', 0),
('178.171.8.31, 1', 0),
('181.215.75.195,', 0),
('40.77.195.213, ', 0),
('107.6.183.226, ', 0),
('157.55.39.118, ', 0),
('209.17.96.18, 1', 0),
('51.77.119.165, ', 0),
('207.46.13.121, ', 0),
('223.189.81.116,', 0),
('188.166.114.112', 0),
('138.197.104.20,', 0),
('165.227.212.78,', 0),
('40.77.191.37, 1', 0),
('157.55.39.123, ', 0),
('80.248.225.142,', 0),
('223.225.81.77, ', 0),
('3.84.147.44, 16', 0),
('190.161.81.225,', 0),
('39.37.181.151, ', 0),
('39.37.158.67, 1', 0),
('212.237.34.209,', 0),
('77.222.100.77, ', 0),
('5.9.108.254, 16', 0),
('223.225.81.53, ', 0),
('185.165.168.168', 0),
('38.132.122.181,', 0),
('199.66.88.115, ', 0),
('38.132.122.247,', 0),
('104.244.73.126,', 0),
('106.202.207.129', 0),
('106.202.204.177', 0),
('40.77.253.63, 1', 0),
('117.97.229.163,', 0),
('103.255.4.62, 1', 0),
('52.53.77.18, 17', 0),
('163.172.119.161', 0),
('61.149.199.253,', 0),
('165.227.218.29,', 0),
('40.77.195.55, 1', 0),
('46.166.190.171,', 0),
('159.89.43.193, ', 0),
('40.77.167.87, 1', 0),
('110.225.93.91, ', 0),
('40.77.167.22, 1', 0),
('46.166.137.200,', 0),
('46.166.190.151,', 0),
('46.166.137.197,', 0),
('109.201.154.214', 0),
('109.201.154.217', 0),
('109.201.154.251', 0),
('109.201.154.230', 0),
('75.126.32.182, ', 0),
('46.166.137.217,', 0),
('109.201.154.134', 0),
('2a00:f940:2:1:2', 0),
('109.201.154.195', 0),
('106.202.25.243,', 0),
('54.157.150.151,', 0),
('66.249.70.5, 10', 0),
('54.172.68.68, 1', 0),
('138.197.96.243,', 0),
('223.225.35.145,', 0),
('40.77.167.91, 1', 0),
('40.77.252.139, ', 0),
('185.232.22.183,', 0),
('110.225.95.235,', 0),
('54.84.192.48, 1', 0),
('18.209.46.8, 17', 0),
('77.88.47.68, 16', 0),
('207.46.13.218, ', 0),
('45.55.242.204, ', 0),
('5.164.148.68, 1', 0),
('109.201.154.161', 0),
('40.77.195.10, 1', 0),
('119.155.45.253,', 0),
('3.84.147.44, 17', 0),
('34.246.181.223,', 0),
('104.192.74.202,', 0),
('18.237.51.124, ', 0),
('110.225.64.251,', 0),
('103.255.4.79, 1', 0),
('207.46.13.77, 1', 0),
('66.249.69.30, 1', 0),
('167.99.56.129, ', 0),
('109.201.154.244', 0),
('40.77.189.24, 1', 0),
('5.188.210.52, 1', 0),
('209.17.97.18, 1', 0),
('157.55.39.152, ', 0),
('40.77.167.215, ', 0),
('207.46.13.66, 1', 0),
('178.128.233.240', 0),
('34.220.158.34, ', 0),
('207.46.13.70, 1', 0),
('159.203.96.191,', 0),
('13.57.239.17, 1', 0),
('183.90.241.148,', 0),
('134.209.171.203', 0),
('138.197.109.189', 0),
('68.183.152.62, ', 0),
('209.97.157.103,', 0),
('165.22.34.146, ', 0),
('138.197.99.49, ', 0),
('167.114.232.244', 0),
('163.43.102.107,', 0),
('185.42.223.91, ', 0),
('110.225.71.145,', 0),
('40.77.192.55, 1', 0),
('45.55.225.186, ', 0),
('173.193.191.205', 0),
('157.55.39.193, ', 0),
('45.118.159.73, ', 0),
('2a04:5200:ffff:', 0),
('46.166.186.231,', 0),
('181.214.249.91,', 0),
('181.215.200.24,', 0),
('110.225.84.201,', 0),
('40.77.193.223, ', 0),
('68.183.158.177,', 0),
('165.227.77.110,', 0),
('47.92.242.20, 1', 0),
('51.158.123.201,', 0),
('3.94.129.88', 0),
('52.91.84.165', 0),
('52.207.207.108', 0),
('34.204.174.102', 0),
('35.173.184.45', 0),
('3.87.247.166', 0),
('95.217.2.201, 1', 0),
('39.98.209.222, ', 0),
('110.225.66.249,', 0),
('18.236.248.61, ', 0),
('5.255.250.74, 1', 0),
('47.92.146.247, ', 0),
('159.89.35.90, 1', 0),
('39.100.111.63, ', 0),
('106.12.196.196,', 0),
('40.117.213.15, ', 0),
('52.35.61.27, 10', 0),
('157.55.39.1, 10', 0),
('104.41.228.253,', 0),
('40.113.85.123, ', 0),
('40.127.111.29, ', 0),
('13.79.160.159, ', 0),
('138.197.111.93,', 0),
('40.77.167.89, 1', 0),
('51.158.104.105,', 0),
('142.4.218.236, ', 0),
('51.77.129.167, ', 0),
('77.88.5.18, 162', 0),
('94.103.81.5, 17', 0),
('159.203.117.202', 0),
('159.89.183.187,', 0),
('110.225.83.247,', 0),
('40.77.195.47, 1', 0),
('37.59.66.250, 1', 0),
('18.206.233.11, ', 0),
('117.97.243.197,', 0),
('68.183.155.73, ', 0),
('134.209.170.176', 0),
('3.95.32.252, 10', 0),
('52.33.24.67, 10', 0),
('34.207.89.78, 1', 0),
('207.46.13.113, ', 0),
('46.166.190.143,', 0),
('51.158.120.6, 1', 0),
('181.214.40.73, ', 0),
('178.173.251.224', 0),
('35.164.196.198,', 0),
('138.197.111.172', 0),
('159.89.182.125,', 0),
('54.210.52.15, 1', 0),
('3.94.52.164, 10', 0),
('39.37.160.147, ', 0),
('138.185.104.147', 0),
('39.104.207.74, ', 0),
('34.224.68.253, ', 0),
('39.100.87.15, 1', 0),
('119.155.32.189,', 0),
('66.96.214.58, 1', 0),
('191.101.66.42, ', 0),
('3.82.203.202, 1', 0),
('185.217.0.138, ', 0),
('185.234.219.15,', 0),
('203.101.178.96,', 0),
('34.204.52.96, 1', 0),
('2001:41d0:a:4f1', 0),
('34.253.190.35, ', 0),
('34.253.190.43, ', 0),
('103.255.4.75, 1', 0),
('2001:bc8:3147:7', 0),
('103.255.5.112, ', 0),
('40.77.167.217, ', 0),
('18.234.175.206,', 0),
('182.185.236.44,', 0),
('39.104.200.198,', 0),
('46.166.137.207,', 0),
('34.222.135.112,', 0),
('182.179.155.154', 0),
('34.230.75.12, 1', 0),
('35.222.38.240, ', 0),
('39.104.205.65, ', 0),
('18.204.10.42, 1', 0),
('79.137.109.83, ', 0),
('40.77.194.113, ', 0),
('46.166.188.249,', 0),
('109.201.138.227', 0),
('46.166.137.209,', 0),
('94.23.90.96, 10', 0),
('34.217.195.38, ', 0),
('207.46.13.6, 16', 0),
('207.46.13.6, 10', 0),
('138.197.111.59,', 0),
('223.225.26.77, ', 0),
('34.213.70.214, ', 0),
('66.249.66.35, 1', 0),
('66.249.66.32, 1', 0),
('66.249.66.63, 1', 0),
('182.185.131.231', 0),
('18.217.223.118,', 0),
('199.247.44.88, ', 0),
('142.93.73.175, ', 0),
('136.24.26.186', 0),
('144.76.115.163,', 0),
('51.158.101.82, ', 0),
('51.158.109.187,', 0),
('43.245.9.60, 17', 0),
('213.32.32.19, 1', 0),
('5.196.174.224, ', 0),
('167.114.191.79,', 0),
('192.99.206.175,', 0),
('5.39.119.0, 172', 0),
('149.202.96.7, 1', 0),
('151.80.162.230,', 0),
('151.80.198.245,', 0),
('167.114.197.43,', 0),
('149.202.19.95, ', 0),
('144.217.0.181, ', 0),
('151.80.191.80, ', 0),
('149.202.118.107', 0),
('151.80.190.220,', 0),
('149.202.96.10, ', 0),
('145.239.175.92,', 0),
('149.202.118.108', 0),
('178.32.189.254,', 0),
('193.70.76.188, ', 0),
('167.114.52.116,', 0),
('198.50.133.59, ', 0),
('149.202.12.5, 1', 0),
('198.27.95.67, 1', 0),
('145.239.23.82, ', 0),
('193.70.76.187, ', 0),
('151.80.181.91, ', 0),
('145.239.26.230,', 0),
('54.36.91.25, 14', 0),
('104.10.31.3, 17', 0),
('40.77.192.78, 1', 0),
('34.253.190.37, ', 0),
('182.185.178.55,', 0),
('34.253.190.39, ', 0),
('5.255.250.17, 1', 0),
('198.52.38.5, 17', 0),
('198.52.38.5, 16', 0),
('35.174.3.119, 1', 0),
('104.247.148.191', 0),
('223.176.189.31,', 0),
('106.215.189.31,', 0),
('46.166.190.147,', 0),
('212.64.27.75, 1', 0),
('119.155.31.206,', 0),
('108.174.8.21, 1', 0),
('182.185.165.184', 0),
('8.22.161.209, 1', 0),
('52.42.210.101, ', 0),
('34.245.129.77, ', 0),
('182.185.195.137', 0),
('119.152.132.85,', 0),
('39.37.162.45, 1', 0),
('52.90.236.189, ', 0),
('34.203.201.118,', 0),
('46.166.190.138,', 0),
('167.86.71.242, ', 0),
('138.197.96.212,', 0),
('54.173.178.90, ', 0),
('104.10.31.3, 16', 0),
('223.176.151.233', 0),
('52.22.154.188, ', 0),
('213.136.92.122,', 0),
('106.215.146.89,', 0),
('93.158.161.24, ', 0),
('78.46.61.245, 1', 0),
('40.77.167.6, 16', 0),
('40.77.252.81, 1', 0),
('207.46.13.3, 16', 0),
('46.166.190.165,', 0),
('46.166.186.200,', 0),
('148.251.9.145, ', 0),
('157.55.39.181, ', 0),
('142.93.71.51, 1', 0),
('77.88.5.200, 16', 0),
('100.43.91.200, ', 0),
('148.251.135.214', 0),
('144.76.118.82, ', 0),
('185.93.3.114, 1', 0),
('66.249.79.143, ', 0),
('144.76.137.254,', 0),
('3.87.136.134, 1', 0),
('106.215.216.91,', 0),
('223.176.216.211', 0),
('34.229.69.107, ', 0),
('142.93.180.94, ', 0),
('207.180.221.167', 0),
('223.176.165.112', 0),
('106.215.163.40,', 0),
('52.90.46.165, 1', 0),
('173.212.247.190', 0),
('119.155.11.209,', 0),
('5.189.159.208, ', 0),
('142.93.187.214,', 0),
('40.77.192.60, 1', 0),
('213.136.75.74, ', 0),
('35.167.191.79, ', 0),
('182.185.167.16,', 0),
('95.216.20.84, 1', 0),
('182.185.146.65,', 0),
('82.80.249.156, ', 0),
('82.80.249.227, ', 0),
('82.80.249.200, ', 0),
('82.80.249.206, ', 0),
('82.80.249.195, ', 0),
('45.55.197.32, 1', 0),
('182.185.182.96,', 0),
('54.210.165.149,', 0),
('157.55.39.3, 17', 0),
('43.245.10.37, 1', 0),
('61.3.255.160, 1', 0),
('104.140.15.222,', 0),
('54.202.76.187, ', 0),
('54.212.141.79, ', 0),
('106.215.161.18,', 0),
('223.176.164.42,', 0),
('54.84.40.154, 1', 0),
('106.215.183.143', 0),
('34.77.84.160, 1', 0),
('34.216.194.88, ', 0),
('67.207.106.142,', 0),
('66.249.73.195, ', 0),
('66.249.73.223, ', 0),
('66.249.73.204, ', 0),
('66.249.73.193, ', 0),
('182.185.160.236', 0),
('182.185.170.27,', 0),
('66.249.73.206, ', 0),
('52.13.59.225, 1', 0),
('35.205.69.171, ', 0),
('54.38.123.235, ', 0),
('54.198.203.42, ', 0),
('117.97.244.248,', 0),
('134.209.34.241,', 0),
('89.187.164.153,', 0),
('184.174.100.142', 0),
('181.215.4.106, ', 0),
('178.171.109.1, ', 0),
('106.202.100.172', 0),
('110.225.80.127,', 0),
('52.38.117.225, ', 0),
('45.55.244.149, ', 0),
('130.211.100.196', 0),
('52.91.119.118, ', 0),
('207.46.13.142, ', 0),
('167.71.160.17, ', 0),
('159.89.176.199,', 0),
('40.77.253.94, 1', 0),
('39.37.157.86, 1', 0),
('46.105.127.166,', 0),
('157.55.39.211, ', 0),
('81.40.154.130, ', 0),
('142.93.75.211, ', 0),
('117.97.228.153,', 0),
('159.203.89.228,', 0),
('54.144.77.59, 1', 0),
('167.71.186.204,', 0),
('104.248.5.52, 1', 0),
('39.37.145.73, 1', 0),
('95.85.68.88, 16', 0),
('185.38.148.144,', 0),
('54.213.55.240, ', 0),
('207.46.13.4, 10', 0),
('178.162.216.40,', 0),
('119.155.44.165,', 0),
('39.37.163.200, ', 0),
('40.77.167.101, ', 0),
('103.228.158.120', 0),
('219.145.144.65,', 0),
('103.228.156.36,', 0),
('117.97.228.6, 1', 0),
('117.97.241.63, ', 0),
('104.10.31.3, 10', 0),
('106.223.13.220,', 0),
('174.129.191.177', 0),
('39.37.128.182, ', 0),
('40.77.194.80, 1', 0),
('182.185.187.24,', 0),
('34.211.225.183,', 0),
('110.225.85.152,', 0),
('142.93.184.133,', 0),
('100.24.255.114,', 0),
('169.235.204.206', 0),
('40.77.253.100, ', 0),
('119.155.4.129, ', 0),
('207.46.13.2, 16', 0),
('159.203.70.71, ', 0),
('2600:1700:5170:', 0),
('182.185.245.87,', 0),
('106.223.122.198', 0),
('182.185.247.201', 0),
('54.164.95.83, 1', 0),
('181.215.88.79, ', 0),
('67.227.97.81, 1', 0),
('185.36.193.149,', 0),
('178.171.49.235,', 0),
('169.235.204.219', 0),
('119.160.100.178', 0),
('66.249.64.14, 1', 0),
('66.249.64.11, 1', 0),
('66.249.64.117, ', 0),
('66.249.64.119, ', 0),
('66.249.64.121, ', 0),
('110.225.94.151,', 0),
('34.222.17.65, 1', 0),
('209.17.96.210, ', 0),
('158.69.225.33, ', 0),
('51.77.129.168, ', 0),
('39.37.178.59, 1', 0),
('34.213.128.56, ', 0),
('40.77.193.3, 17', 0),
('207.46.13.173, ', 0),
('39.37.130.240, ', 0),
('46.246.65.221, ', 0),
('54.81.77.82, 10', 0),
('39.100.96.217, ', 0),
('182.179.130.37,', 0),
('138.197.73.64, ', 0),
('141.8.188.154, ', 0),
('68.183.159.152,', 0),
('142.93.180.66, ', 0),
('34.229.166.19, ', 0),
('35.173.181.130,', 0),
('24.68.113.170, ', 0),
('35.193.17.249, ', 0),
('3.86.99.129, 10', 0),
('182.179.189.79,', 0),
('193.138.1.61, 1', 0),
('180.76.15.151, ', 0),
('161.129.70.11, ', 0),
('110.225.67.69, ', 0),
('40.77.192.99, 1', 0),
('3.85.106.122, 1', 0),
('3.86.204.162, 1', 0),
('169.235.204.193', 0),
('35.187.132.190,', 0),
('208.87.233.140,', 0),
('35.187.132.180,', 0),
('110.225.82.203,', 0),
('85.115.52.140, ', 0),
('37.9.87.157, 17', 0),
('100.43.81.114, ', 0),
('65.154.226.126,', 0),
('188.166.98.249,', 0),
('18.237.63.204, ', 0),
('2600:1f14:b62:9', 0),
('39.37.165.40, 1', 0),
('89.147.68.209, ', 0),
('104.144.48.243,', 0),
('52.40.234.105, ', 0),
('104.144.236.150', 0),
('35.164.146.155,', 0),
('23.236.202.30, ', 0),
('182.185.207.56,', 0),
('138.197.104.6, ', 0),
('18.231.29.99, 1', 0),
('54.229.180.83, ', 0),
('104.236.62.205,', 0),
('173.234.181.46,', 0),
('34.221.160.97, ', 0),
('169.235.204.235', 0),
('141.8.188.131, ', 0),
('40.77.190.190, ', 0),
('18.236.131.117,', 0),
('2a01:4f8:13a:13', 0),
('81.88.49.57, 18', 0),
('81.88.49.28, 18', 0),
('95.216.73.118, ', 0),
('47.252.86.74, 1', 0),
('40.77.188.189, ', 0),
('198.143.155.138', 0),
('207.46.13.236, ', 0),
('40.77.189.110, ', 0),
('138.197.111.113', 0),
('18.208.131.211,', 0),
('117.97.224.67, ', 0),
('54.89.2.183, 10', 0),
('35.175.225.168,', 0),
('43.245.10.27, 1', 0),
('54.243.19.21, 1', 0),
('116.203.27.83, ', 0),
('116.203.42.127,', 0),
('39.42.9.36, 172', 0),
('159.65.167.207,', 0),
('169.235.204.190', 0),
('180.76.15.141, ', 0),
('40.77.167.168, ', 0),
('40.77.188.94, 1', 0),
('54.162.105.137,', 0),
('40.77.167.209, ', 0),
('38.122.16.50, 1', 0),
('40.77.167.41, 1', 0),
('122.152.250.168', 0),
('34.219.173.191,', 0),
('40.77.191.25, 1', 0),
('34.227.78.81, 1', 0),
('3.87.38.156, 10', 0),
('117.97.240.42, ', 0),
('180.76.15.134, ', 0),
('34.219.148.194,', 0),
('176.26.44.19,17', 0),
('104.236.64.77, ', 0),
('169.235.204.183', 0),
('18.236.235.233,', 0),
('39.42.73.209, 1', 0),
('52.210.30.32, 1', 0),
('40.77.188.36, 1', 0),
('141.8.189.65, 1', 0),
('119.152.151.176', 0),
('173.232.219.89,', 0),
('198.55.96.125, ', 0),
('100.26.33.90, 1', 0),
('193.70.72.249, ', 0),
('45.55.35.42, 17', 0),
('119.155.15.192,', 0),
('52.43.165.236, ', 0),
('43.245.11.3, 17', 0),
('119.155.23.33, ', 0),
('106.223.123.212', 0),
('54.236.123.85, ', 0),
('43.245.11.101, ', 0),
('54.147.20.92, 1', 0),
('103.255.5.90, 1', 0),
('39.37.189.121, ', 0),
('54.84.114.171, ', 0),
('207.46.13.147, ', 0),
('3.87.172.124, 1', 0),
('54.201.51.6, 16', 0),
('173.11.119.2,64', 0),
('104.254.92.102,', 0),
('103.255.5.105, ', 0),
('138.197.3.83, 1', 0),
('106.223.8.78, 1', 0),
('45.55.188.184, ', 0),
('54.83.88.226, 1', 0),
('40.77.189.235, ', 0),
('39.42.76.129, 1', 0),
('40.77.167.66, 1', 0),
('207.46.13.83, 1', 0),
('106.223.29.195,', 0),
('209.17.96.42, 1', 0),
('98.248.114.56,6', 0),
('109.70.66.84, 1', 0),
('40.77.189.239, ', 0),
('106.223.47.162,', 0),
('106.223.44.18, ', 0),
('89.22.101.69, 1', 0),
('2607:fb90:8365:', 0),
('104.236.67.162,', 0),
('106.223.47.114,', 0),
('182.185.215.148', 0),
('34.204.37.245, ', 0),
('54.224.91.99, 1', 0),
('106.223.47.42, ', 0),
('106.223.45.162,', 0),
('43.245.9.95, 17', 0),
('103.255.5.102, ', 0),
('103.255.5.114, ', 0),
('72.255.51.57', 0),
('167.71.105.4, 1', 0),
('167.71.106.43, ', 0),
('141.8.188.158, ', 0),
('128.14.209.178,', 0),
('139.28.217.222,', 0),
('39.42.92.51, 17', 0),
('157.55.39.147, ', 0),
('167.71.105.143,', 0),
('167.71.99.200, ', 0),
('34.227.91.59, 1', 0),
('157.55.39.131, ', 0),
('169.235.204.204', 0),
('167.99.118.210,', 0),
('5.189.200.91, 1', 0),
('181.215.81.157,', 0),
('180.76.15.16, 1', 0),
('51.158.104.36, ', 0),
('106.52.168.23, ', 0),
('117.97.245.226,', 0),
('34.207.152.145,', 0),
('180.76.15.158, ', 0),
('54.197.25.79, 1', 0),
('39.42.34.149, 1', 0),
('38.145.114.162,', 0),
('141.8.188.180, ', 0),
('40.77.189.47, 1', 0),
('106.223.18.138,', 0),
('3.87.38.156, 17', 0),
('54.80.40.91, 17', 0),
('167.71.100.9, 1', 0),
('167.71.99.198, ', 0),
('54.80.161.32, 1', 0),
('3.87.154.102, 1', 0),
('42.111.8.20, 16', 0),
('42.111.8.20, 14', 0),
('54.89.243.148, ', 0),
('54.165.252.171,', 0),
('35.175.147.175,', 0),
('157.55.39.8, 17', 0),
('106.223.108.58,', 0),
('207.99.15.86, 1', 0),
('159.65.175.214,', 0),
('39.42.80.231, 1', 0),
('50.2.38.32, 162', 0),
('207.46.13.247, ', 0),
('181.214.184.10,', 0),
('223.225.80.73, ', 0),
('54.89.2.183, 16', 0),
('181.214.191.164', 0),
('40.77.188.17, 1', 0),
('182.185.251.40,', 0),
('191.96.33.229, ', 0),
('181.215.50.74, ', 0),
('188.165.192.220', 0),
('142.4.192.71, 1', 0),
('167.114.197.33,', 0),
('37.59.152.15, 1', 0),
('178.33.152.175,', 0),
('145.239.20.26, ', 0),
('178.33.152.188,', 0),
('5.39.24.170, 10', 0),
('151.80.190.222,', 0),
('149.202.96.2, 1', 0),
('51.254.249.152,', 0),
('176.31.72.180, ', 0),
('149.202.103.125', 0),
('149.202.19.83, ', 0),
('167.114.193.48,', 0),
('37.187.196.223,', 0),
('192.99.106.64, ', 0),
('145.239.180.126', 0),
('188.165.174.104', 0),
('178.33.152.161,', 0),
('176.31.3.226, 1', 0),
('145.239.19.74, ', 0),
('145.239.26.235,', 0),
('149.202.25.19, ', 0),
('147.135.196.184', 0),
('151.80.190.219,', 0),
('198.50.202.56, ', 0),
('66.249.64.13, 1', 0),
('207.99.46.205, ', 0),
('106.223.45.248,', 0),
('66.249.136.202,', 0),
('209.17.97.90, 1', 0),
('45.82.49.122, 1', 0),
('39.42.90.10, 17', 0),
('159.203.101.155', 0),
('104.144.122.108', 0),
('52.55.237.100, ', 0),
('205.237.94.97, ', 0),
('23.228.90.99, 1', 0),
('3.15.172.150, 1', 0),
('240e:3a0:1803:f', 0),
('138.197.11.168,', 0),
('66.249.138.111,', 0),
('52.15.212.3, 17', 0),
('181.215.79.41, ', 0),
('49.234.233.211,', 0),
('40.77.167.207, ', 0),
('168.91.114.199,', 0),
('178.173.238.126', 0),
('178.171.62.4, 1', 0),
('181.215.51.163,', 0),
('34.209.105.222,', 0),
('142.93.69.33, 1', 0),
('45.76.227.169, ', 0),
('176.9.156.13, 1', 0),
('223.180.199.219', 0),
('45.116.232.54, ', 0),
('3.80.88.222, 17', 0),
('182.185.199.223', 0),
('39.38.114.38, 1', 0),
('54.234.228.240,', 0),
('54.221.89.214, ', 0),
('45.116.232.43, ', 0),
('182.185.133.64,', 0),
('39.42.22.180, 1', 0),
('185.242.87.42, ', 0),
('178.62.74.6, 16', 0),
('39.37.182.32, 1', 0),
('3.208.226.140', 0),
('54.213.201.218,', 0),
('182.185.227.114', 0),
('39.38.84.198, 1', 0),
('45.116.233.20, ', 0),
('3.84.149.56, 17', 0),
('103.69.111.234,', 0),
('141.8.188.130, ', 0),
('42.111.16.82, 1', 0),
('2a01:4f8:191:20', 0),
('106.223.25.3, 1', 0),
('45.116.232.25, ', 0),
('182.185.175.41,', 0),
('3.82.49.218, 16', 0),
('18.205.157.171,', 0),
('45.116.232.48, ', 0),
('40.77.188.118, ', 0),
('39.42.12.68, 17', 0),
('50.16.84.238, 1', 0),
('110.225.90.17, ', 0),
('157.55.39.250, ', 0),
('34.221.115.68, ', 0),
('188.166.59.6, 1', 0),
('209.205.201.162', 0),
('51.68.11.227, 1', 0),
('185.229.144.22,', 0),
('180.76.15.29, 1', 0),
('138.197.13.157,', 0),
('82.193.102.149,', 0),
('45.116.232.6, 1', 0),
('110.225.80.23, ', 0),
('18.232.167.25, ', 0),
('45.116.232.40, ', 0),
('65.55.210.178, ', 0),
('106.223.47.156,', 0),
('157.55.39.21, 1', 0),
('158.69.27.211, ', 0),
('51.77.246.204, ', 0),
('39.37.179.163, ', 0),
('66.249.66.59, 1', 0),
('66.249.66.57, 1', 0),
('182.185.239.164', 0),
('165.227.96.14, ', 0),
('2607:fa98:40:1:', 0),
('66.249.66.60, 1', 0),
('66.249.66.62, 1', 0),
('40.77.189.142, ', 0),
('188.217.5.45, 1', 0),
('78.138.187.231,', 0),
('78.46.103.42, 1', 0),
('2a0c:9f00::1260', 0),
('40.77.188.137, ', 0),
('185.222.57.76, ', 0),
('40.77.191.102, ', 0),
('54.237.113.5, 1', 0),
('52.26.1.123, 10', 0),
('138.197.96.249,', 0),
('108.62.3.45, 17', 0),
('108.62.3.45, 16', 0),
('186.179.36.185,', 0),
('34.222.9.3, 108', 0),
('98.248.206.161,', 0),
('223.225.45.219,', 0),
('104.168.6.44, 1', 0),
('165.227.191.1, ', 0),
('54.227.36.28, 1', 0),
('34.73.34.169, 1', 0),
('159.203.89.245,', 0);

-- --------------------------------------------------------

--
-- Table structure for table `active_users`
--
-- Creation: Dec 03, 2018 at 05:51 AM
--

CREATE TABLE `active_users` (
  `username` varchar(30) NOT NULL DEFAULT '',
  `timestamp` int(11) UNSIGNED NOT NULL DEFAULT 0
) ENGINE=MEMORY DEFAULT CHARSET=latin1 ROW_FORMAT=FIXED;

-- --------------------------------------------------------

--
-- Table structure for table `apps`
--
-- Creation: Nov 05, 2018 at 03:19 PM
-- Last update: Nov 05, 2018 at 03:19 PM
--

CREATE TABLE `apps` (
  `appID` int(10) UNSIGNED NOT NULL,
  `name` varchar(255) NOT NULL,
  `user` varchar(255) NOT NULL,
  `timestamp` int(10) UNSIGNED NOT NULL
) ENGINE=MyISAM DEFAULT CHARSET=latin1 ROW_FORMAT=DYNAMIC;

--
-- Dumping data for table `apps`
--

INSERT INTO `apps` (`appID`, `name`, `user`, `timestamp`) VALUES
(10, 'NewFilesApp', 'rohan', 1280433176),
(51, 'SessionApp', 'rohan', 1344382986),
(53, 'GIGAffInfoApp', 'rohan', 1345234600),
(54, 'GIGAffFramesApp', 'rohan', 1345234604),
(56, 'GIGAffRegApp', 'rohan', 1345234689),
(57, 'GIGAffRequestApp', 'rohan', 1345234861),
(58, 'GIGAffRenewalApp', 'rohan', 1345234865),
(59, 'GIGAffSalesApp', 'rohan', 1345234868);

-- --------------------------------------------------------

--
-- Table structure for table `app_permissions`
--
-- Creation: Nov 05, 2018 at 03:19 PM
-- Last update: Nov 05, 2018 at 03:19 PM
--

CREATE TABLE `app_permissions` (
  `permID` int(10) UNSIGNED NOT NULL,
  `app` varchar(255) NOT NULL,
  `user` varchar(255) NOT NULL
) ENGINE=MyISAM DEFAULT CHARSET=latin1 ROW_FORMAT=DYNAMIC;

--
-- Dumping data for table `app_permissions`
--

INSERT INTO `app_permissions` (`permID`, `app`, `user`) VALUES
(4, 'PurchaseApp', '1UbDu3X2vl'),
(5, 'PurchaseApp', 'vTBxQucxSE'),
(7, 'GIGAffFramesApp', 'X2qsDKqq0G'),
(8, 'GIGAffInfoApp', 'X2qsDKqq0G'),
(9, 'GIGAffRenewalApp', 'X2qsDKqq0G'),
(10, 'GIGAffRequestApp', 'X2qsDKqq0G'),
(11, 'GIGAffSalesApp', 'X2qsDKqq0G'),
(12, 'GIGAffRegApp', 'IvDaoPRHsx'),
(15, 'GIGAffFramesApp', 'rAxRpyDsaG'),
(16, 'GIGAffInfoApp', 'rAxRpyDsaG'),
(17, 'GIGAffRenewalApp', 'rAxRpyDsaG'),
(18, 'GIGAffRequestApp', 'rAxRpyDsaG'),
(19, 'GIGAffSalesApp', 'rAxRpyDsaG'),
(118, 'GIGAffSalesApp', 'IOEVAv0FD2'),
(117, 'GIGAffRequestApp', 'IOEVAv0FD2'),
(116, 'GIGAffRenewalApp', 'IOEVAv0FD2'),
(115, 'GIGAffInfoApp', 'IOEVAv0FD2'),
(114, 'GIGAffFramesApp', 'IOEVAv0FD2'),
(29, 'GIGAffFramesApp', 'mXDK60EvmW'),
(30, 'GIGAffInfoApp', 'mXDK60EvmW'),
(31, 'GIGAffRenewalApp', 'mXDK60EvmW'),
(32, 'GIGAffRequestApp', 'mXDK60EvmW'),
(33, 'GIGAffSalesApp', 'mXDK60EvmW'),
(41, 'GIGAffFramesApp', 'SuGXEoL5mi'),
(127, 'GIGAffRenewalApp', ''),
(126, 'GIGAffInfoApp', ''),
(125, 'GIGAffFramesApp', ''),
(42, 'GIGAffInfoApp', 'SuGXEoL5mi'),
(43, 'GIGAffRenewalApp', 'SuGXEoL5mi'),
(44, 'GIGAffRequestApp', 'SuGXEoL5mi'),
(45, 'GIGAffSalesApp', 'SuGXEoL5mi'),
(48, 'GIGAffFramesApp', 'E08qr3YyxX'),
(49, 'GIGAffInfoApp', 'E08qr3YyxX'),
(50, 'GIGAffRenewalApp', 'E08qr3YyxX'),
(51, 'GIGAffRequestApp', 'E08qr3YyxX'),
(52, 'GIGAffSalesApp', 'E08qr3YyxX'),
(53, 'PurchaseApp', '6ezTrZJtfP'),
(56, 'GIGAffFramesApp', 'qvj8noHYMK'),
(57, 'GIGAffInfoApp', 'qvj8noHYMK'),
(58, 'GIGAffRenewalApp', 'qvj8noHYMK'),
(59, 'GIGAffRequestApp', 'qvj8noHYMK'),
(60, 'GIGAffSalesApp', 'qvj8noHYMK'),
(61, 'PurchaseApp', 'hzXNlX33yU'),
(64, 'GIGAffFramesApp', 'cVe4LgYdR5'),
(65, 'GIGAffInfoApp', 'cVe4LgYdR5'),
(66, 'GIGAffRenewalApp', 'cVe4LgYdR5'),
(67, 'GIGAffRequestApp', 'cVe4LgYdR5'),
(68, 'GIGAffSalesApp', 'cVe4LgYdR5'),
(71, 'GIGAffFramesApp', '3mvaK85Wle'),
(72, 'GIGAffInfoApp', '3mvaK85Wle'),
(73, 'GIGAffRenewalApp', '3mvaK85Wle'),
(74, 'GIGAffRequestApp', '3mvaK85Wle'),
(75, 'GIGAffSalesApp', '3mvaK85Wle'),
(76, 'PurchaseApp', 'NVbp1FTgeQ'),
(77, 'GIGAffFramesApp', 'AZJKKkDzZs'),
(78, 'GIGAffInfoApp', 'AZJKKkDzZs'),
(79, 'GIGAffRenewalApp', 'AZJKKkDzZs'),
(80, 'GIGAffRequestApp', 'AZJKKkDzZs'),
(81, 'GIGAffSalesApp', 'AZJKKkDzZs'),
(82, 'GIGAffRegApp', '6ezTrZJtfP'),
(85, 'GIGAffFramesApp', 'kmqMwwQxBu'),
(86, 'GIGAffInfoApp', 'kmqMwwQxBu'),
(87, 'GIGAffRenewalApp', 'kmqMwwQxBu'),
(88, 'GIGAffRequestApp', 'kmqMwwQxBu'),
(89, 'GIGAffSalesApp', 'kmqMwwQxBu'),
(92, 'GIGAffFramesApp', 'jLPWnJxm41'),
(93, 'GIGAffInfoApp', 'jLPWnJxm41'),
(94, 'GIGAffRenewalApp', 'jLPWnJxm41'),
(95, 'GIGAffRequestApp', 'jLPWnJxm41'),
(96, 'GIGAffSalesApp', 'jLPWnJxm41'),
(99, 'GIGAffFramesApp', '22tlTDEZF3'),
(100, 'GIGAffInfoApp', '22tlTDEZF3'),
(101, 'GIGAffRenewalApp', '22tlTDEZF3'),
(102, 'GIGAffRequestApp', '22tlTDEZF3'),
(103, 'GIGAffSalesApp', '22tlTDEZF3'),
(105, 'DashboardApp', 'zubair'),
(106, 'GIGAffFramesApp', 'zubair'),
(107, 'GIGAffInfoApp', 'zubair'),
(108, 'GIGAffRegApp', 'zubair'),
(109, 'GIGAffRenewalApp', 'zubair'),
(110, 'GIGAffRequestApp', 'zubair'),
(111, 'GIGAffSalesApp', 'zubair'),
(112, 'NewFilesApp', 'zubair'),
(113, 'SessionApp', 'zubair'),
(119, 'PurchaseApp', 'BHUmAQlqBF'),
(120, 'GIGAffRegApp', 'uqRGbCiGN0'),
(121, 'GIGAffRegApp', 'sIf1Cwluit'),
(122, 'PurchaseApp', 'XRat9zQCz4'),
(123, 'PurchaseApp', 'jLU6wZv3PR'),
(124, 'GIGAffRegApp', 'jLU6wZv3PR'),
(128, 'GIGAffRequestApp', ''),
(129, 'GIGAffSalesApp', '');

-- --------------------------------------------------------

--
-- Table structure for table `banned_users`
--
-- Creation: Nov 05, 2018 at 03:19 PM
-- Last update: Nov 05, 2018 at 03:19 PM
--

CREATE TABLE `banned_users` (
  `username` varchar(30) NOT NULL DEFAULT '',
  `timestamp` int(11) UNSIGNED NOT NULL DEFAULT 0
) ENGINE=MyISAM DEFAULT CHARSET=latin1 ROW_FORMAT=DYNAMIC;

-- --------------------------------------------------------

--
-- Table structure for table `cms_buckets`
--
-- Creation: Nov 05, 2018 at 03:19 PM
-- Last update: Nov 05, 2018 at 03:19 PM
--

CREATE TABLE `cms_buckets` (
  `id` int(10) UNSIGNED NOT NULL,
  `title` varchar(255) NOT NULL,
  `parent` int(10) UNSIGNED NOT NULL DEFAULT 0,
  `type` int(10) UNSIGNED NOT NULL DEFAULT 0,
  `user` varchar(255) NOT NULL,
  `timestamp` int(10) UNSIGNED NOT NULL,
  `isDel` tinyint(1) NOT NULL DEFAULT 0,
  `isAppBucket` tinyint(1) NOT NULL DEFAULT 0,
  `isAppRootBucket` tinyint(1) NOT NULL DEFAULT 0 COMMENT 'Only on instll set isAppRootBucket to 1',
  `path` varchar(255) NOT NULL COMMENT 'URL mapped to this app page, will be searchable',
  `object` text NOT NULL COMMENT 'Stores the serialized PHP object',
  `appName` varchar(255) NOT NULL COMMENT 'Name of the App ',
  `appPage` varchar(255) NOT NULL COMMENT '?',
  `isRedirect` tinyint(1) NOT NULL DEFAULT 0,
  `redirectPath` varchar(255) NOT NULL,
  `addToMenu` tinyint(1) NOT NULL DEFAULT 0,
  `pageTitle` varchar(255) NOT NULL,
  `description` text NOT NULL,
  `menuOrder` int(2) UNSIGNED NOT NULL,
  `seoTitle` varchar(255) NOT NULL,
  `versionParent` int(10) UNSIGNED NOT NULL DEFAULT 0,
  `publishMode` tinyint(1) NOT NULL DEFAULT 1
) ENGINE=MyISAM DEFAULT CHARSET=latin1 ROW_FORMAT=DYNAMIC;

-- --------------------------------------------------------

--
-- Table structure for table `cms_bucket_types`
--
-- Creation: Nov 05, 2018 at 03:19 PM
-- Last update: Nov 05, 2018 at 03:19 PM
--

CREATE TABLE `cms_bucket_types` (
  `id` int(10) UNSIGNED NOT NULL,
  `title` varchar(255) NOT NULL,
  `isDel` tinyint(1) NOT NULL DEFAULT 0,
  `class` varchar(255) NOT NULL
) ENGINE=MyISAM DEFAULT CHARSET=latin1 ROW_FORMAT=DYNAMIC;

--
-- Dumping data for table `cms_bucket_types`
--

INSERT INTO `cms_bucket_types` (`id`, `title`, `isDel`, `class`) VALUES
(1, 'Static Page', 0, 'BTStatic'),
(2, 'Permanent Redirects', 0, ''),
(3, 'External Links', 0, '');

-- --------------------------------------------------------

--
-- Table structure for table `cms_page_version`
--
-- Creation: Nov 05, 2018 at 03:19 PM
-- Last update: Nov 05, 2018 at 03:19 PM
--

CREATE TABLE `cms_page_version` (
  `id` int(10) UNSIGNED NOT NULL,
  `title` varchar(255) NOT NULL,
  `parent` int(10) UNSIGNED NOT NULL DEFAULT 0,
  `type` int(10) UNSIGNED NOT NULL DEFAULT 0,
  `user` varchar(255) NOT NULL,
  `timestamp` int(10) UNSIGNED NOT NULL,
  `isDel` tinyint(1) NOT NULL DEFAULT 0,
  `isAppBucket` tinyint(1) NOT NULL DEFAULT 0,
  `isAppRootBucket` tinyint(1) NOT NULL DEFAULT 0 COMMENT 'Only on instll set isAppRootBucket to 1',
  `path` varchar(255) NOT NULL COMMENT 'URL mapped to this app page, will be searchable',
  `object` text NOT NULL COMMENT 'Stores the serialized PHP object',
  `appName` varchar(255) NOT NULL COMMENT 'Name of the App ',
  `appPage` varchar(255) NOT NULL COMMENT '?',
  `isRedirect` tinyint(1) NOT NULL DEFAULT 0,
  `redirectPath` varchar(255) NOT NULL,
  `addToMenu` tinyint(1) NOT NULL DEFAULT 0,
  `pageTitle` varchar(255) NOT NULL,
  `description` text NOT NULL,
  `menuOrder` int(2) UNSIGNED NOT NULL,
  `seoTitle` varchar(255) NOT NULL,
  `versionID` int(10) UNSIGNED NOT NULL,
  `versionParent` int(10) UNSIGNED NOT NULL,
  `rev` int(10) UNSIGNED NOT NULL
) ENGINE=MyISAM DEFAULT CHARSET=latin1 ROW_FORMAT=DYNAMIC;

-- --------------------------------------------------------

--
-- Table structure for table `cms_templates`
--
-- Creation: Nov 05, 2018 at 03:19 PM
-- Last update: Nov 05, 2018 at 03:19 PM
--

CREATE TABLE `cms_templates` (
  `templateID` int(10) UNSIGNED NOT NULL,
  `user` varchar(255) NOT NULL,
  `timestamp` int(10) UNSIGNED NOT NULL,
  `name` varchar(255) NOT NULL,
  `class` varchar(255) NOT NULL,
  `method` varchar(255) NOT NULL
) ENGINE=MyISAM DEFAULT CHARSET=latin1 ROW_FORMAT=DYNAMIC;

-- --------------------------------------------------------

--
-- Table structure for table `contact_address`
--
-- Creation: Nov 05, 2018 at 03:19 PM
-- Last update: Nov 05, 2018 at 03:19 PM
--

CREATE TABLE `contact_address` (
  `addressID` int(10) UNSIGNED NOT NULL,
  `title` varchar(255) NOT NULL,
  `address1` varchar(255) NOT NULL,
  `address2` varchar(255) NOT NULL,
  `city` varchar(255) NOT NULL,
  `state` int(255) UNSIGNED NOT NULL,
  `zip` varchar(255) NOT NULL,
  `lat` varchar(255) NOT NULL,
  `lng` varchar(255) NOT NULL,
  `phone` varchar(20) NOT NULL,
  `phone2` varchar(20) NOT NULL,
  `email` varchar(255) NOT NULL,
  `user` varchar(255) NOT NULL,
  `timestamp` int(10) UNSIGNED NOT NULL,
  `isDel` tinyint(1) NOT NULL DEFAULT 0,
  `linkHref` text NOT NULL
) ENGINE=MyISAM DEFAULT CHARSET=latin1 ROW_FORMAT=DYNAMIC;

-- --------------------------------------------------------

--
-- Table structure for table `contact_form`
--
-- Creation: Nov 05, 2018 at 03:19 PM
-- Last update: Nov 05, 2018 at 03:19 PM
--

CREATE TABLE `contact_form` (
  `recID` int(10) UNSIGNED NOT NULL,
  `data` text NOT NULL,
  `user` varchar(255) NOT NULL,
  `timestamp` int(10) NOT NULL
) ENGINE=MyISAM DEFAULT CHARSET=latin1 ROW_FORMAT=DYNAMIC;

-- --------------------------------------------------------

--
-- Table structure for table `contact_index`
--
-- Creation: Nov 05, 2018 at 03:19 PM
-- Last update: Nov 05, 2018 at 03:19 PM
--

CREATE TABLE `contact_index` (
  `indexID` int(255) UNSIGNED NOT NULL,
  `contactKey` varchar(255) NOT NULL,
  `contactValue` varchar(255) NOT NULL,
  `recID` int(10) UNSIGNED NOT NULL
) ENGINE=MyISAM DEFAULT CHARSET=latin1 ROW_FORMAT=DYNAMIC;

-- --------------------------------------------------------

--
-- Table structure for table `cron`
--
-- Creation: Nov 05, 2018 at 03:19 PM
-- Last update: Nov 05, 2018 at 03:19 PM
--

CREATE TABLE `cron` (
  `cronID` int(10) UNSIGNED NOT NULL,
  `firstRun` int(10) UNSIGNED NOT NULL DEFAULT 0,
  `frequency` int(10) UNSIGNED NOT NULL DEFAULT 0,
  `lastRun` int(10) UNSIGNED NOT NULL DEFAULT 0,
  `code` text NOT NULL
) ENGINE=MyISAM DEFAULT CHARSET=latin1 ROW_FORMAT=DYNAMIC;

--
-- Dumping data for table `cron`
--

INSERT INTO `cron` (`cronID`, `firstRun`, `frequency`, `lastRun`, `code`) VALUES
(1, 1200139200, 86400, 1275546604, '$sessactions = new SessionActions;\r\n$sessactions->resetFeaturedUsers();\r\n$sessactions->resetForgotPass();'),
(2, 0, 1799, 1275598807, '$logic = SiteApps::getLogicObj(\"StatsApp\");\r\n$logic->cron();');

-- --------------------------------------------------------

--
-- Table structure for table `cronjobs`
--
-- Creation: Nov 05, 2018 at 03:19 PM
-- Last update: Nov 05, 2018 at 03:19 PM
--

CREATE TABLE `cronjobs` (
  `cronID` int(10) UNSIGNED NOT NULL,
  `frequency` int(10) UNSIGNED NOT NULL,
  `app` varchar(255) NOT NULL,
  `callback` varchar(255) NOT NULL,
  `firstRun` int(10) UNSIGNED NOT NULL,
  `lastRun` int(10) UNSIGNED NOT NULL
) ENGINE=MyISAM DEFAULT CHARSET=latin1 ROW_FORMAT=DYNAMIC;

--
-- Dumping data for table `cronjobs`
--

INSERT INTO `cronjobs` (`cronID`, `frequency`, `app`, `callback`, `firstRun`, `lastRun`) VALUES
(1, 86400, 'CronApp', 'registerCrons', 0, 1541406772),
(2, 86400, 'VersionApp', 'cron', 0, 0);

-- --------------------------------------------------------

--
-- Table structure for table `files`
--
-- Creation: Nov 05, 2018 at 03:19 PM
-- Last update: Nov 05, 2018 at 03:19 PM
--

CREATE TABLE `files` (
  `fileID` int(10) UNSIGNED NOT NULL,
  `fileName` varchar(255) NOT NULL,
  `description` varchar(255) NOT NULL,
  `extID` int(10) UNSIGNED NOT NULL,
  `collID` int(10) UNSIGNED NOT NULL DEFAULT 0,
  `user` varchar(255) NOT NULL,
  `timestamp` int(10) UNSIGNED NOT NULL,
  `isDel` tinyint(1) NOT NULL DEFAULT 0,
  `isLocal` tinyint(1) NOT NULL DEFAULT 0,
  `location` varchar(255) NOT NULL
) ENGINE=MyISAM DEFAULT CHARSET=latin1 ROW_FORMAT=DYNAMIC;

--
-- Dumping data for table `files`
--

INSERT INTO `files` (`fileID`, `fileName`, `description`, `extID`, `collID`, `user`, `timestamp`, `isDel`, `isLocal`, `location`) VALUES
(1, 'upload.pdf', '', 7, 0, 'rAxRpyDsaG', 1347402288, 0, 0, 'http://d1iylknx45zy01.cloudfront.net/1_upload.pdf'),
(2, 'upload.pdf', '', 7, 0, 'rAxRpyDsaG', 1347402988, 0, 0, 'http://d1iylknx45zy01.cloudfront.net/2_upload.pdf'),
(3, 'upload.pdf', '', 7, 0, 'rAxRpyDsaG', 1347403057, 0, 0, 'http://d1iylknx45zy01.cloudfront.net/3_upload.pdf'),
(4, 'upload.pdf', '', 7, 0, 'rAxRpyDsaG', 1347403088, 0, 0, 'http://d1iylknx45zy01.cloudfront.net/4_upload.pdf'),
(5, 'upload.pdf', '', 7, 0, 'rAxRpyDsaG', 1347403540, 0, 0, 'http://d1iylknx45zy01.cloudfront.net/5_upload.pdf');

-- --------------------------------------------------------

--
-- Table structure for table `files_collections`
--
-- Creation: Nov 05, 2018 at 03:19 PM
-- Last update: Nov 05, 2018 at 03:19 PM
--

CREATE TABLE `files_collections` (
  `collID` int(10) UNSIGNED NOT NULL,
  `collName` varchar(255) NOT NULL,
  `user` varchar(255) NOT NULL,
  `timestamp` int(10) UNSIGNED NOT NULL,
  `isDel` tinyint(1) NOT NULL DEFAULT 0
) ENGINE=MyISAM DEFAULT CHARSET=latin1 ROW_FORMAT=DYNAMIC;

-- --------------------------------------------------------

--
-- Table structure for table `files_extensions`
--
-- Creation: Nov 05, 2018 at 03:19 PM
-- Last update: Nov 05, 2018 at 03:19 PM
--

CREATE TABLE `files_extensions` (
  `extID` int(10) UNSIGNED NOT NULL,
  `extension` varchar(255) NOT NULL,
  `typeID` int(10) UNSIGNED NOT NULL,
  `user` varchar(255) NOT NULL,
  `timestamp` int(10) UNSIGNED NOT NULL,
  `isDel` tinyint(1) NOT NULL DEFAULT 0
) ENGINE=MyISAM DEFAULT CHARSET=latin1 ROW_FORMAT=DYNAMIC;

--
-- Dumping data for table `files_extensions`
--

INSERT INTO `files_extensions` (`extID`, `extension`, `typeID`, `user`, `timestamp`, `isDel`) VALUES
(1, 'doc', 1, 'Guest', 1263858660, 0),
(2, 'docx', 1, 'Guest', 1263859084, 0),
(3, 'gif', 3, 'Guest', 1264023241, 0),
(4, 'jpg', 3, 'Guest', 1264027127, 0),
(5, 'flv', 4, 'Guest', 1264062320, 0),
(6, 'png', 3, 'rohan', 1281131251, 0),
(7, 'pdf', 1, 'rohan', 1299709048, 0);

-- --------------------------------------------------------

--
-- Table structure for table `files_tags`
--
-- Creation: Nov 05, 2018 at 03:19 PM
-- Last update: Nov 05, 2018 at 03:19 PM
--

CREATE TABLE `files_tags` (
  `tagID` int(10) UNSIGNED NOT NULL,
  `tag` varchar(255) NOT NULL,
  `fileID` int(10) UNSIGNED NOT NULL DEFAULT 0,
  `user` varchar(255) NOT NULL,
  `timestamp` int(10) UNSIGNED NOT NULL
) ENGINE=MyISAM DEFAULT CHARSET=latin1 ROW_FORMAT=DYNAMIC;

--
-- Dumping data for table `files_tags`
--

INSERT INTO `files_tags` (`tagID`, `tag`, `fileID`, `user`, `timestamp`) VALUES
(1, '', 1, 'rAxRpyDsaG', 1347402288),
(2, '', 2, 'rAxRpyDsaG', 1347402988),
(3, '', 3, 'rAxRpyDsaG', 1347403057),
(4, '', 4, 'rAxRpyDsaG', 1347403088),
(5, '', 5, 'rAxRpyDsaG', 1347403540);

-- --------------------------------------------------------

--
-- Table structure for table `files_types`
--
-- Creation: Nov 05, 2018 at 03:19 PM
-- Last update: Nov 05, 2018 at 03:19 PM
--

CREATE TABLE `files_types` (
  `typeID` int(10) UNSIGNED NOT NULL,
  `type` varchar(255) NOT NULL,
  `user` varchar(255) NOT NULL,
  `timestamp` int(10) UNSIGNED NOT NULL,
  `isDel` tinyint(1) NOT NULL DEFAULT 0
) ENGINE=MyISAM DEFAULT CHARSET=latin1 ROW_FORMAT=DYNAMIC;

--
-- Dumping data for table `files_types`
--

INSERT INTO `files_types` (`typeID`, `type`, `user`, `timestamp`, `isDel`) VALUES
(1, 'Document', 'Guest', 1263858121, 0),
(2, 'Test Type 4', 'Guest', 1263858227, 0),
(3, 'Image', 'Guest', 1264023241, 0),
(4, 'Flash Video', 'Guest', 1264062320, 0);

-- --------------------------------------------------------

--
-- Table structure for table `g1g_affiliate_signup`
--
-- Creation: Nov 05, 2018 at 03:19 PM
-- Last update: Nov 05, 2018 at 03:19 PM
--

CREATE TABLE `g1g_affiliate_signup` (
  `affID` int(10) UNSIGNED NOT NULL,
  `fName` varchar(255) NOT NULL,
  `lName` varchar(255) NOT NULL,
  `name` varchar(255) NOT NULL,
  `phone` varchar(255) NOT NULL,
  `email` varchar(255) NOT NULL,
  `company` varchar(255) NOT NULL,
  `website` varchar(255) NOT NULL,
  `position` varchar(255) NOT NULL,
  `companyDisc` text NOT NULL,
  `personalDisc` text NOT NULL,
  `products` varchar(255) NOT NULL,
  `mouLink` varchar(255) NOT NULL,
  `user` varchar(255) NOT NULL,
  `timestamp` int(10) UNSIGNED NOT NULL,
  `isAccepted` tinyint(1) NOT NULL DEFAULT 0,
  `isEnabled` tinyint(1) NOT NULL DEFAULT 0,
  `reqAcceptFees` tinyint(1) NOT NULL DEFAULT 1,
  `reqAnnualFees` tinyint(1) NOT NULL DEFAULT 1,
  `salesCount` int(10) UNSIGNED NOT NULL DEFAULT 0,
  `lNameIndex` varchar(255) NOT NULL
) ENGINE=MyISAM DEFAULT CHARSET=latin1 ROW_FORMAT=DYNAMIC;

--
-- Dumping data for table `g1g_affiliate_signup`
--

INSERT INTO `g1g_affiliate_signup` (`affID`, `fName`, `lName`, `name`, `phone`, `email`, `company`, `website`, `position`, `companyDisc`, `personalDisc`, `products`, `mouLink`, `user`, `timestamp`, `isAccepted`, `isEnabled`, `reqAcceptFees`, `reqAnnualFees`, `salesCount`, `lNameIndex`) VALUES
(1, 'ad', 'erweAr', '', 'hgfeDS', 'eathFEA', 'neathbgrfSDc', 'nsrhbteafsd', 'srhtbearfsDE', 'ahebsvgd', 'eagsfd', 'whteagrfsd', '', 'rohan', 1344390390, 0, 0, 1, 0, 0, ''),
(3, 'whtagef', 'htwyr', 'whtagef htwyr', 'ter', 'grfeADS', 'htyrsfgbdc', 'rwhtagefsd', 'wyretnhd', 'gthebrnh', 'htegr', 'gwhtenh', '', '', 1344451009, 0, 0, 1, 0, 0, 'h'),
(4, 'rshtgfdv', 'hrwtsfdc', 'rshtgfdv hrwtsfdc', 'ryhtsgfdc', 'yrw6bgtsfz', 'rynhtdbgfs vd', ',ryutjmdhnfg', 'kutmszdng', 'HTZDjg', '6keutsyjr', 'rtulc', '', '', 1344452655, 0, 0, 1, 0, 0, ''),
(5, 'rd', 'test1', 'rd test1', 'slkjd', 'rdt1@m.co', 'slkdjfc', 'lksdjfnv', 'slkdjfn', 'sdkjlfn', 'sdnkfjvn', 'bsnkd;lfcvn', '', 'Guest', 1344539220, 1, 0, 0, 0, 0, ''),
(6, 'rd', 'test3', 'rd test3', 'sldkjh', 'rdt3@m.co', 'lksjdnf', 'lsdkjfvb', 'slkdjfvb ', 's lkdjfnv', ';skjdfbvsldf', 'snldkfjnsdlkfjvc', '', 'rohan', 1344621942, 1, 1, 0, 1, 0, ''),
(7, 'rd', 'test4', 'rd test4', 'slakjdf', 'rdt4@test.co', 'skldjfg', ';dksjfcv', 's;dklfhj', 'sdlkjfgn', 'sdjkfbg', 'lkjsdfng', '', 'Guest', 1345240737, 1, 1, 1, 1, 0, '');

-- --------------------------------------------------------

--
-- Table structure for table `jobs`
--
-- Creation: Nov 05, 2018 at 03:19 PM
-- Last update: Nov 05, 2018 at 03:19 PM
--

CREATE TABLE `jobs` (
  `jobID` int(10) UNSIGNED NOT NULL,
  `title` varchar(255) NOT NULL,
  `description` text NOT NULL,
  `typeID` int(10) UNSIGNED NOT NULL,
  `user` varchar(255) NOT NULL,
  `timestamp` int(10) UNSIGNED NOT NULL,
  `isDel` tinyint(1) NOT NULL
) ENGINE=MyISAM DEFAULT CHARSET=latin1 ROW_FORMAT=DYNAMIC;

-- --------------------------------------------------------

--
-- Table structure for table `log_app_table`
--
-- Creation: Nov 05, 2018 at 03:19 PM
-- Last update: Nov 05, 2018 at 03:19 PM
--

CREATE TABLE `log_app_table` (
  `logID` int(10) UNSIGNED NOT NULL,
  `app` varchar(255) NOT NULL,
  `user` varchar(255) NOT NULL,
  `timestamp` int(10) UNSIGNED NOT NULL,
  `action` varchar(255) NOT NULL,
  `id` int(10) UNSIGNED NOT NULL,
  `table` varchar(255) NOT NULL,
  `query` varchar(255) NOT NULL
) ENGINE=MyISAM DEFAULT CHARSET=latin1 ROW_FORMAT=DYNAMIC;

-- --------------------------------------------------------

--
-- Table structure for table `mail_obj`
--
-- Creation: Nov 05, 2018 at 03:19 PM
-- Last update: Nov 05, 2018 at 03:19 PM
--

CREATE TABLE `mail_obj` (
  `mailID` int(10) UNSIGNED NOT NULL,
  `app` varchar(255) NOT NULL,
  `appKey` varchar(255) NOT NULL,
  `title` varchar(255) NOT NULL,
  `user` varchar(255) NOT NULL,
  `timestamp` int(10) UNSIGNED NOT NULL,
  `isDel` tinyint(1) NOT NULL DEFAULT 0,
  `useDynTitle` tinyint(1) NOT NULL DEFAULT 0
) ENGINE=MyISAM DEFAULT CHARSET=latin1 ROW_FORMAT=DYNAMIC;

-- --------------------------------------------------------

--
-- Table structure for table `mail_recipients`
--
-- Creation: Nov 05, 2018 at 03:19 PM
-- Last update: Nov 05, 2018 at 03:19 PM
--

CREATE TABLE `mail_recipients` (
  `recpID` int(10) UNSIGNED NOT NULL,
  `mailID` int(10) UNSIGNED NOT NULL,
  `app` varchar(255) NOT NULL,
  `email` varchar(255) NOT NULL,
  `user` varchar(255) NOT NULL,
  `timestamp` int(10) UNSIGNED NOT NULL,
  `isDel` tinyint(1) NOT NULL
) ENGINE=MyISAM DEFAULT CHARSET=latin1 ROW_FORMAT=DYNAMIC;

-- --------------------------------------------------------

--
-- Table structure for table `press_releases_v3`
--
-- Creation: Nov 05, 2018 at 03:19 PM
-- Last update: Nov 05, 2018 at 03:19 PM
--

CREATE TABLE `press_releases_v3` (
  `prID` int(10) UNSIGNED NOT NULL,
  `title` varchar(255) NOT NULL,
  `body` text NOT NULL,
  `pubDate` int(10) UNSIGNED NOT NULL,
  `user` varchar(255) NOT NULL,
  `timestamp` int(10) NOT NULL,
  `isDel` tinyint(1) NOT NULL DEFAULT 0,
  `publishMode` tinyint(1) NOT NULL DEFAULT 1,
  `groupID` int(10) UNSIGNED NOT NULL,
  `scheduleID` int(10) UNSIGNED NOT NULL
) ENGINE=MyISAM DEFAULT CHARSET=latin1 ROW_FORMAT=DYNAMIC;

-- --------------------------------------------------------

--
-- Table structure for table `press_release_meta`
--
-- Creation: Nov 05, 2018 at 03:19 PM
-- Last update: Nov 05, 2018 at 03:19 PM
--

CREATE TABLE `press_release_meta` (
  `metaID` int(10) UNSIGNED NOT NULL,
  `contact` text NOT NULL,
  `about` text NOT NULL,
  `user` varchar(255) NOT NULL,
  `timestamp` int(10) UNSIGNED NOT NULL
) ENGINE=MyISAM DEFAULT CHARSET=latin1 ROW_FORMAT=DYNAMIC;

-- --------------------------------------------------------

--
-- Table structure for table `scheduler_events`
--
-- Creation: Nov 05, 2018 at 03:19 PM
-- Last update: Nov 05, 2018 at 03:19 PM
--

CREATE TABLE `scheduler_events` (
  `eventID` int(10) UNSIGNED NOT NULL,
  `name` varchar(255) NOT NULL,
  `user` varchar(255) NOT NULL,
  `timestamp` int(10) UNSIGNED NOT NULL,
  `execTime` int(10) UNSIGNED NOT NULL,
  `isDisable` tinyint(1) NOT NULL DEFAULT 0,
  `isDel` tinyint(1) NOT NULL DEFAULT 0,
  `success` tinyint(1) NOT NULL DEFAULT 0
) ENGINE=MyISAM DEFAULT CHARSET=latin1 ROW_FORMAT=DYNAMIC;

-- --------------------------------------------------------

--
-- Table structure for table `scheduler_tasks`
--
-- Creation: Nov 05, 2018 at 03:19 PM
-- Last update: Nov 05, 2018 at 03:19 PM
--

CREATE TABLE `scheduler_tasks` (
  `taskID` int(10) UNSIGNED NOT NULL,
  `app` varchar(255) NOT NULL,
  `resourceTable` varchar(255) NOT NULL,
  `callback` varchar(255) NOT NULL,
  `user` varchar(255) NOT NULL,
  `timestamp` int(10) UNSIGNED NOT NULL,
  `object` text NOT NULL,
  `execTime` int(10) UNSIGNED NOT NULL,
  `eventID` int(10) UNSIGNED NOT NULL DEFAULT 0,
  `isDisable` tinyint(1) NOT NULL DEFAULT 0,
  `isDel` tinyint(1) NOT NULL DEFAULT 0,
  `success` tinyint(1) NOT NULL DEFAULT 0
) ENGINE=MyISAM DEFAULT CHARSET=latin1 ROW_FORMAT=DYNAMIC;

-- --------------------------------------------------------

--
-- Table structure for table `seo`
--
-- Creation: Nov 05, 2018 at 03:19 PM
-- Last update: Nov 05, 2018 at 03:19 PM
--

CREATE TABLE `seo` (
  `seoID` int(10) UNSIGNED NOT NULL,
  `subdomain` varchar(255) NOT NULL,
  `url` varchar(255) NOT NULL,
  `title` text NOT NULL,
  `keywords` text NOT NULL,
  `description` text NOT NULL,
  `timestamp` int(10) UNSIGNED NOT NULL,
  `lastUpdate` int(10) UNSIGNED NOT NULL,
  `user` varchar(255) NOT NULL
) ENGINE=MyISAM DEFAULT CHARSET=latin1 ROW_FORMAT=DYNAMIC;

-- --------------------------------------------------------

--
-- Table structure for table `seo_mods`
--
-- Creation: Nov 05, 2018 at 03:19 PM
-- Last update: Nov 05, 2018 at 03:19 PM
--

CREATE TABLE `seo_mods` (
  `user` varchar(255) NOT NULL
) ENGINE=MyISAM DEFAULT CHARSET=latin1 ROW_FORMAT=DYNAMIC;

--
-- Dumping data for table `seo_mods`
--

INSERT INTO `seo_mods` (`user`) VALUES
('timran');

-- --------------------------------------------------------

--
-- Table structure for table `site_preferences`
--
-- Creation: Nov 05, 2018 at 03:19 PM
-- Last update: Nov 05, 2018 at 03:19 PM
--

CREATE TABLE `site_preferences` (
  `prefID` int(10) UNSIGNED NOT NULL,
  `app` varchar(255) NOT NULL,
  `collection` varchar(255) NOT NULL,
  `prefKey` varchar(255) NOT NULL,
  `value` varchar(255) NOT NULL,
  `user` varchar(255) NOT NULL,
  `timestamp` int(10) UNSIGNED NOT NULL
) ENGINE=MyISAM DEFAULT CHARSET=latin1 ROW_FORMAT=DYNAMIC;

-- --------------------------------------------------------

--
-- Table structure for table `site_types`
--
-- Creation: Nov 05, 2018 at 03:19 PM
-- Last update: Nov 05, 2018 at 03:19 PM
--

CREATE TABLE `site_types` (
  `typeID` int(10) UNSIGNED NOT NULL,
  `name` varchar(255) NOT NULL,
  `app` varchar(255) NOT NULL,
  `collection` varchar(255) NOT NULL,
  `isDel` tinyint(1) NOT NULL DEFAULT 0
) ENGINE=MyISAM DEFAULT CHARSET=latin1 ROW_FORMAT=DYNAMIC;

-- --------------------------------------------------------

--
-- Table structure for table `site_user_preferences`
--
-- Creation: Nov 05, 2018 at 03:19 PM
-- Last update: Nov 05, 2018 at 03:19 PM
--

CREATE TABLE `site_user_preferences` (
  `prefID` int(10) UNSIGNED NOT NULL,
  `app` varchar(255) NOT NULL,
  `collection` varchar(255) NOT NULL,
  `prefKey` varchar(255) NOT NULL,
  `value` varchar(255) NOT NULL,
  `user` varchar(255) NOT NULL,
  `timestamp` int(10) UNSIGNED NOT NULL
) ENGINE=MyISAM DEFAULT CHARSET=latin1 ROW_FORMAT=DYNAMIC;

-- --------------------------------------------------------

--
-- Table structure for table `sliders`
--
-- Creation: Nov 05, 2018 at 03:19 PM
-- Last update: Nov 05, 2018 at 03:19 PM
--

CREATE TABLE `sliders` (
  `sliderID` int(10) UNSIGNED NOT NULL,
  `user` varchar(255) NOT NULL,
  `timestamp` int(10) UNSIGNED NOT NULL,
  `isDel` tinyint(1) NOT NULL,
  `isEnabled` tinyint(1) NOT NULL,
  `panelOrder` int(10) UNSIGNED NOT NULL,
  `link` varchar(255) NOT NULL,
  `img` varchar(255) NOT NULL,
  `title` varchar(255) NOT NULL,
  `description` varchar(255) NOT NULL,
  `width` int(10) UNSIGNED NOT NULL,
  `height` int(10) UNSIGNED NOT NULL,
  `absTop` int(10) NOT NULL DEFAULT 0,
  `typeID` int(10) UNSIGNED NOT NULL DEFAULT 0
) ENGINE=MyISAM DEFAULT CHARSET=latin1 ROW_FORMAT=DYNAMIC;

-- --------------------------------------------------------

--
-- Table structure for table `stats_data`
--
-- Creation: Nov 05, 2018 at 03:19 PM
-- Last update: Nov 05, 2018 at 03:19 PM
--

CREATE TABLE `stats_data` (
  `statsID` int(10) UNSIGNED NOT NULL,
  `app` varchar(255) NOT NULL,
  `appTable` varchar(255) NOT NULL,
  `id` varchar(25) NOT NULL,
  `currVal` int(10) UNSIGNED NOT NULL,
  `valueField` varchar(255) NOT NULL,
  `timestamp` int(10) UNSIGNED NOT NULL
) ENGINE=MyISAM DEFAULT CHARSET=latin1 ROW_FORMAT=DYNAMIC;

-- --------------------------------------------------------

--
-- Table structure for table `stats_query`
--
-- Creation: Nov 05, 2018 at 03:19 PM
-- Last update: Nov 05, 2018 at 03:19 PM
--

CREATE TABLE `stats_query` (
  `queryID` int(10) UNSIGNED NOT NULL,
  `user` varchar(255) NOT NULL,
  `timestamp` int(10) UNSIGNED NOT NULL,
  `app` varchar(255) NOT NULL,
  `appTable` varchar(255) NOT NULL,
  `id` varchar(255) NOT NULL,
  `valueField` varchar(255) NOT NULL,
  `lastUpdate` int(10) UNSIGNED NOT NULL,
  `frequency` int(10) UNSIGNED NOT NULL,
  `name` varchar(255) NOT NULL
) ENGINE=MyISAM DEFAULT CHARSET=latin1 ROW_FORMAT=DYNAMIC;

-- --------------------------------------------------------

--
-- Table structure for table `stats_web_mem`
--
-- Creation: Jan 14, 2019 at 07:21 AM
--

CREATE TABLE `stats_web_mem` (
  `user` varchar(30) NOT NULL,
  `ip` varchar(15) NOT NULL,
  `timestamp` int(10) UNSIGNED NOT NULL,
  `url` varchar(255) NOT NULL,
  `referrer` varchar(255) NOT NULL,
  `user_agent` varchar(255) NOT NULL,
  `searchTerm` varchar(30) NOT NULL,
  `httpStatus` int(3) UNSIGNED NOT NULL
) ENGINE=MEMORY DEFAULT CHARSET=latin1 ROW_FORMAT=FIXED;

-- --------------------------------------------------------

--
-- Table structure for table `stats_web_real`
--
-- Creation: Nov 05, 2018 at 03:19 PM
-- Last update: Nov 05, 2018 at 03:19 PM
--

CREATE TABLE `stats_web_real` (
  `statID` int(10) UNSIGNED NOT NULL,
  `user` varchar(30) NOT NULL,
  `ip` varchar(15) NOT NULL,
  `timestamp` int(10) UNSIGNED NOT NULL,
  `url` varchar(255) NOT NULL,
  `referrer` varchar(255) NOT NULL,
  `user_agent` varchar(255) NOT NULL,
  `searchTerm` varchar(30) NOT NULL,
  `httpStatus` int(3) UNSIGNED NOT NULL
) ENGINE=MyISAM DEFAULT CHARSET=latin1 ROW_FORMAT=DYNAMIC;

-- --------------------------------------------------------

--
-- Table structure for table `teams`
--
-- Creation: Nov 05, 2018 at 03:19 PM
-- Last update: Nov 05, 2018 at 03:19 PM
--

CREATE TABLE `teams` (
  `teamID` int(10) UNSIGNED NOT NULL,
  `name` varchar(255) NOT NULL,
  `info` text NOT NULL,
  `isDel` tinyint(1) NOT NULL DEFAULT 0,
  `lead` int(10) UNSIGNED NOT NULL DEFAULT 0,
  `user` varchar(255) NOT NULL,
  `timestamp` int(10) UNSIGNED NOT NULL
) ENGINE=MyISAM DEFAULT CHARSET=latin1 ROW_FORMAT=DYNAMIC;

-- --------------------------------------------------------

--
-- Table structure for table `teams_members`
--
-- Creation: Nov 05, 2018 at 03:19 PM
-- Last update: Nov 05, 2018 at 03:19 PM
--

CREATE TABLE `teams_members` (
  `memberID` int(10) UNSIGNED NOT NULL,
  `name` varchar(255) NOT NULL,
  `fname` varchar(255) NOT NULL,
  `lname` varchar(255) NOT NULL,
  `title` varchar(255) NOT NULL,
  `bio` text NOT NULL,
  `isDel` tinyint(1) NOT NULL DEFAULT 0,
  `imgPath` varchar(255) NOT NULL,
  `user` varchar(255) NOT NULL,
  `timestamp` int(10) UNSIGNED NOT NULL,
  `lnameIndex` varchar(1) NOT NULL
) ENGINE=MyISAM DEFAULT CHARSET=latin1 ROW_FORMAT=DYNAMIC;

-- --------------------------------------------------------

--
-- Table structure for table `teams_relations`
--
-- Creation: Nov 05, 2018 at 03:19 PM
-- Last update: Nov 05, 2018 at 03:19 PM
--

CREATE TABLE `teams_relations` (
  `relID` int(10) UNSIGNED NOT NULL,
  `memberID` int(10) UNSIGNED NOT NULL,
  `teamID` int(10) UNSIGNED NOT NULL,
  `role` varchar(255) NOT NULL,
  `user` varchar(255) NOT NULL,
  `timestamp` int(10) UNSIGNED NOT NULL,
  `isDel` tinyint(1) NOT NULL DEFAULT 0,
  `menuOrder` int(2) UNSIGNED NOT NULL DEFAULT 0
) ENGINE=MyISAM DEFAULT CHARSET=latin1 ROW_FORMAT=DYNAMIC;

-- --------------------------------------------------------

--
-- Table structure for table `tradeshows`
--
-- Creation: Nov 05, 2018 at 03:19 PM
-- Last update: Nov 05, 2018 at 03:19 PM
--

CREATE TABLE `tradeshows` (
  `showID` int(10) UNSIGNED NOT NULL,
  `title` varchar(255) NOT NULL,
  `start` int(10) UNSIGNED NOT NULL,
  `end` int(10) UNSIGNED NOT NULL,
  `city` varchar(255) NOT NULL,
  `state` int(2) UNSIGNED NOT NULL DEFAULT 0,
  `country` varchar(255) NOT NULL,
  `boothNum` int(10) UNSIGNED NOT NULL DEFAULT 0,
  `description` text NOT NULL,
  `isIntl` tinyint(1) NOT NULL DEFAULT 0,
  `isDelete` tinyint(1) NOT NULL DEFAULT 0,
  `user` varchar(255) NOT NULL,
  `timestamp` int(10) UNSIGNED NOT NULL DEFAULT 0
) ENGINE=MyISAM DEFAULT CHARSET=latin1 ROW_FORMAT=DYNAMIC;

-- --------------------------------------------------------

--
-- Table structure for table `users`
--
-- Creation: Nov 05, 2018 at 03:19 PM
-- Last update: Nov 05, 2018 at 03:19 PM
--

CREATE TABLE `users` (
  `username` varchar(30) NOT NULL DEFAULT '',
  `password` varchar(32) DEFAULT NULL,
  `isFake` tinyint(1) NOT NULL DEFAULT 0,
  `userid` varchar(32) DEFAULT NULL,
  `userlevel` tinyint(1) UNSIGNED NOT NULL DEFAULT 0,
  `email` varchar(50) DEFAULT NULL,
  `timestamp` int(11) UNSIGNED NOT NULL DEFAULT 0,
  `referral` varchar(255) NOT NULL DEFAULT '',
  `joined` int(10) UNSIGNED NOT NULL DEFAULT 0,
  `ipaddress` varchar(50) NOT NULL DEFAULT '',
  `isFeatured` tinyint(1) NOT NULL DEFAULT 0
) ENGINE=MyISAM DEFAULT CHARSET=latin1 ROW_FORMAT=DYNAMIC;

--
-- Dumping data for table `users`
--

INSERT INTO `users` (`username`, `password`, `isFake`, `userid`, `userlevel`, `email`, `timestamp`, `referral`, `joined`, `ipaddress`, `isFeatured`) VALUES
('rohan', '01d0c8ccb7c442b79f6ebbcc8befbceb', 0, '95a8925ecf61cfd7e8b9c474fcac5145', 0, 'rohan.d27@gmail.com', 1281138980, '', 0, '', 0),
('timran', '9fa9f25a25448900363427c74b01b6e9', 0, 'a88ef6e3debc3fd3e6deb0ea3752fa5f', 1, 'talat@imranmedia.com', 1281140495, '', 0, '', 0),
('vTBxQucxSE', '3899dcbab79f92af727c2190bbd8abc5', 0, '0c6acfe11f2cb6d3b316b7fbe304b963', 0, 'rdt4@test.co', 1345240736, '', 1345240736, '66.7.245.162', 0),
('1UbDu3X2vl', '3899dcbab79f92af727c2190bbd8abc5', 0, 'f2ba74b7b0335efff12fb92dd82053c9', 0, 'rdt3@m.co', 1344621942, '', 1344621942, '66.7.245.162', 0),
('R2kqjdB4SY', '3899dcbab79f92af727c2190bbd8abc5', 0, '6f60376e18547d0b0dc27a9474d06083', 0, 'rdt1@m.co', 1344539220, '', 1344539220, '66.7.245.162', 0),
('wULVuCfRhs', '3899dcbab79f92af727c2190bbd8abc5', 0, 'c8ce24572f505bfe4727793f6a759d48', 0, 'rdt6@m.co', 1345838766, '', 1345838766, '66.7.245.162', 0),
('amhK9ATvW7', '3899dcbab79f92af727c2190bbd8abc5', 0, '8f02fa18baa392a4e528d9794d82a1bd', 0, 'rdt5@m.co', 1345838570, '', 1345838570, '66.7.245.162', 0),
('0G37JpmR1l', '3899dcbab79f92af727c2190bbd8abc5', 0, '552a36d057956a4738e9261b8f79ac30', 0, 'rdt7@m.co', 1345838907, '', 1345838907, '66.7.245.162', 0),
('X2qsDKqq0G', '3899dcbab79f92af727c2190bbd8abc5', 0, '138f1d0f207063bfc599dfd736ac2e87', 0, 'rdt8@m.co', 1345839455, '', 1345839455, '66.7.245.162', 0),
('AZJKKkDzZs', '3899dcbab79f92af727c2190bbd8abc5', 0, 'f72dd13bc88fc727e916ec367f737038', 0, 'rtest1@m.co', 1346868915, '', 1346868915, '66.7.245.162', 0),
('IvDaoPRHsx', '3899dcbab79f92af727c2190bbd8abc5', 0, 'f2ef38db8bed4e33c50b1899b3838e6c', 0, 'rtest2@m.co', 1347042669, '', 1347042669, '66.7.245.162', 0),
('mikee', '54a73e889401063c0ab750018e24293d', 0, NULL, 0, 'mike@g1g.com', 0, '', 0, '', 0),
('zainj', '54a73e889401063c0ab750018e24293d', 0, NULL, 0, 'zain@g1g.com', 0, '', 0, '', 0),
('zubair', 'a7f024b48090eda19a275f497906fdee', 0, '2abbfacb2944887acdb2dc723d22573f', 0, 'zubair@g1g.com', 0, '', 0, '', 0),
('rAxRpyDsaG', '3899dcbab79f92af727c2190bbd8abc5', 0, '7edabefffd06d0285c33c85ba1906499', 0, 'rtest3@m.co', 1347388758, '', 1347388758, '66.7.245.162', 0),
('IOEVAv0FD2', '3899dcbab79f92af727c2190bbd8abc5', 0, '69b5fa7958ba31e515ca05ea68f143c7', 0, 'rtest5@m.co', 1347405280, '', 1347405280, '66.7.245.162', 0),
('mXDK60EvmW', '3899dcbab79f92af727c2190bbd8abc5', 0, '8ead05923764da687be65c05ef72c3df', 0, 'rtest6@gmail.com', 1347471930, '', 1347471930, '66.7.245.162', 0),
('SuGXEoL5mi', '3899dcbab79f92af727c2190bbd8abc5', 0, '9a6cefa65a68eb38e87e2ecad799bdfd', 0, 'rtest7@m.co', 1347496482, '', 1347496482, '66.7.245.162', 0),
('E08qr3YyxX', '3899dcbab79f92af727c2190bbd8abc5', 0, '6510a919b3998129c21516033888af22', 0, 'rtest8@m.co', 1347496773, '', 1347496773, '66.7.245.162', 0),
('6ezTrZJtfP', '3899dcbab79f92af727c2190bbd8abc5', 0, '9c43843c56c85c7f10cf1f2d8fade141', 0, 'rtest9@m.co', 1347916858, '', 1347916858, '66.7.245.162', 0),
('pr5UARCOMl', '3899dcbab79f92af727c2190bbd8abc5', 0, 'e1c8dc5e82bf1b07f1bc493dc3363c9a', 0, 'rdtest10@m.co', 1348079022, '', 1348079022, '66.7.245.162', 0),
('5jq6VoAKi1', '3899dcbab79f92af727c2190bbd8abc5', 0, NULL, 0, 'rdtest11@m.co', 1348079179, '', 1348079179, '66.7.245.162', 0),
('qvj8noHYMK', '3899dcbab79f92af727c2190bbd8abc5', 0, 'fc18568c8fad594d338b54291e03def1', 0, 'rdtest13@m.co', 1348079250, '', 1348079250, '66.7.245.162', 0),
('hzXNlX33yU', '3899dcbab79f92af727c2190bbd8abc5', 0, NULL, 0, 'rdtest14@m.co', 1348095621, '', 1348095621, '66.7.245.162', 0),
('cVe4LgYdR5', '3899dcbab79f92af727c2190bbd8abc5', 0, '79bf8e7c592a6defc23b6d3aaed2cdd3', 0, 'rdtest15@m.co', 1348095731, '', 1348095731, '66.7.245.162', 0),
('3mvaK85Wle', '3899dcbab79f92af727c2190bbd8abc5', 0, '0c3b12219c017aa5e6760ed7742f1405', 0, 'rdtest16@m.co', 1348097425, '', 1348097425, '66.7.245.162', 0),
('NVbp1FTgeQ', '3899dcbab79f92af727c2190bbd8abc5', 0, NULL, 0, 'rdtest17@m.co', 1348168017, '', 1348168017, '66.7.245.162', 0),
('kmqMwwQxBu', '3899dcbab79f92af727c2190bbd8abc5', 0, '231a318713b973c3902839d680b06003', 0, 'rshort1@m.co', 1376603458, '', 1376603458, '66.7.245.162', 0),
('jLPWnJxm41', '3899dcbab79f92af727c2190bbd8abc5', 0, '1ad4350e32f5999a00b2d9097bc932e5', 0, 'rstudent1@m.co', 1376603829, '', 1376603829, '66.7.245.162', 0),
('22tlTDEZF3', 'a8357da7100d4c9767e329c651c4baa9', 0, 'b2b17a4dad6a5279635fb131982c2d26', 0, 'sunil.sreedharan@blsinternational.com', 1380045495, '', 1380045495, '66.7.245.162', 0),
('BHUmAQlqBF', '3899dcbab79f92af727c2190bbd8abc5', 0, '39701b6a5c4bac9e2a172acb0cda7c48', 0, 'at1@m.co', 1415840956, '', 1415840956, '66.7.245.162', 0),
('uqRGbCiGN0', '3899dcbab79f92af727c2190bbd8abc5', 0, 'c42da7710419f4a1d290457b36b67fbb', 0, 'at2@m.co', 1415841129, '', 1415841129, '66.7.245.162', 0),
('sIf1Cwluit', '3899dcbab79f92af727c2190bbd8abc5', 0, '9b660702d9d1dabe793c492484af5c65', 0, 'at3@m.co', 1415841678, '', 1415841678, '66.7.245.162', 0),
('hpNCY9jeb3', '3899dcbab79f92af727c2190bbd8abc5', 0, '9b94533c31d756f95df38c0ca6b3e6e2', 0, 'rdm@m.co', 1438630347, '', 1438630347, '66.7.245.162', 0),
('XRat9zQCz4', '19aa426012c5d277aaeb3fa9385093a3', 0, NULL, 0, 'Mike@StormCreekOutfitters.com', 1516745819, '', 1516745819, '67.169.141.89', 0),
('jLU6wZv3PR', '8aed2411f0c0a9455f468e97d7a8855e', 0, NULL, 0, 'zain@insure123.com', 1539706929, '', 1539706929, '198.199.107.65', 0);

-- --------------------------------------------------------

--
-- Table structure for table `users_backup`
--
-- Creation: Nov 05, 2018 at 03:19 PM
-- Last update: Nov 05, 2018 at 03:19 PM
--

CREATE TABLE `users_backup` (
  `username` varchar(30) NOT NULL DEFAULT '',
  `password` varchar(32) DEFAULT NULL,
  `isFake` tinyint(1) NOT NULL DEFAULT 0,
  `userid` varchar(32) DEFAULT NULL,
  `userlevel` tinyint(1) UNSIGNED NOT NULL DEFAULT 0,
  `email` varchar(50) DEFAULT NULL,
  `timestamp` int(11) UNSIGNED NOT NULL DEFAULT 0,
  `referral` varchar(255) NOT NULL DEFAULT '',
  `joined` int(10) UNSIGNED NOT NULL DEFAULT 0,
  `ipaddress` varchar(50) NOT NULL DEFAULT '',
  `isFeatured` tinyint(1) NOT NULL DEFAULT 0
) ENGINE=MyISAM DEFAULT CHARSET=latin1 ROW_FORMAT=DYNAMIC;

--
-- Dumping data for table `users_backup`
--

INSERT INTO `users_backup` (`username`, `password`, `isFake`, `userid`, `userlevel`, `email`, `timestamp`, `referral`, `joined`, `ipaddress`, `isFeatured`) VALUES
('rohan', '01d0c8ccb7c442b79f6ebbcc8befbceb', 0, '907b3bae5d5780109d2a9777427231a7', 0, 'rohan.d27@gmail.com', 1281138980, '', 0, '', 0),
('timran', '9fa9f25a25448900363427c74b01b6e9', 0, 'a88ef6e3debc3fd3e6deb0ea3752fa5f', 1, 'talat@imranmedia.com', 1281140495, '', 0, '', 0),
('vTBxQucxSE', '3899dcbab79f92af727c2190bbd8abc5', 0, '0c6acfe11f2cb6d3b316b7fbe304b963', 0, 'rdt4@test.co', 1345240736, '', 1345240736, '66.7.245.162', 0),
('1UbDu3X2vl', '3899dcbab79f92af727c2190bbd8abc5', 0, 'f2ba74b7b0335efff12fb92dd82053c9', 0, 'rdt3@m.co', 1344621942, '', 1344621942, '66.7.245.162', 0),
('R2kqjdB4SY', '3899dcbab79f92af727c2190bbd8abc5', 0, '6f60376e18547d0b0dc27a9474d06083', 0, 'rdt1@m.co', 1344539220, '', 1344539220, '66.7.245.162', 0),
('wULVuCfRhs', '3899dcbab79f92af727c2190bbd8abc5', 0, 'c8ce24572f505bfe4727793f6a759d48', 0, 'rdt6@m.co', 1345838766, '', 1345838766, '66.7.245.162', 0),
('amhK9ATvW7', '3899dcbab79f92af727c2190bbd8abc5', 0, '8f02fa18baa392a4e528d9794d82a1bd', 0, 'rdt5@m.co', 1345838570, '', 1345838570, '66.7.245.162', 0),
('0G37JpmR1l', '3899dcbab79f92af727c2190bbd8abc5', 0, '552a36d057956a4738e9261b8f79ac30', 0, 'rdt7@m.co', 1345838907, '', 1345838907, '66.7.245.162', 0),
('X2qsDKqq0G', '3899dcbab79f92af727c2190bbd8abc5', 0, '138f1d0f207063bfc599dfd736ac2e87', 0, 'rdt8@m.co', 1345839455, '', 1345839455, '66.7.245.162', 0),
('AZJKKkDzZs', '3899dcbab79f92af727c2190bbd8abc5', 0, 'f72dd13bc88fc727e916ec367f737038', 0, 'rtest1@m.co', 1346868915, '', 1346868915, '66.7.245.162', 0),
('IvDaoPRHsx', '3899dcbab79f92af727c2190bbd8abc5', 0, 'f2ef38db8bed4e33c50b1899b3838e6c', 0, 'rtest2@m.co', 1347042669, '', 1347042669, '66.7.245.162', 0),
('mikee', '54a73e889401063c0ab750018e24293d', 0, NULL, 0, 'mike@g1g.com', 0, '', 0, '', 0),
('zainj', '54a73e889401063c0ab750018e24293d', 0, NULL, 0, 'zain@g1g.com', 0, '', 0, '', 0),
('zubair', 'a7f024b48090eda19a275f497906fdee', 0, '40450a231d6cae7b9265619629fc5d42', 0, 'zubair@g1g.com', 0, '', 0, '', 0),
('rAxRpyDsaG', '3899dcbab79f92af727c2190bbd8abc5', 0, '7edabefffd06d0285c33c85ba1906499', 0, 'rtest3@m.co', 1347388758, '', 1347388758, '66.7.245.162', 0),
('IOEVAv0FD2', '3899dcbab79f92af727c2190bbd8abc5', 0, '69b5fa7958ba31e515ca05ea68f143c7', 0, 'rtest5@m.co', 1347405280, '', 1347405280, '66.7.245.162', 0),
('mXDK60EvmW', '3899dcbab79f92af727c2190bbd8abc5', 0, '8ead05923764da687be65c05ef72c3df', 0, 'rtest6@gmail.com', 1347471930, '', 1347471930, '66.7.245.162', 0),
('SuGXEoL5mi', '3899dcbab79f92af727c2190bbd8abc5', 0, '9a6cefa65a68eb38e87e2ecad799bdfd', 0, 'rtest7@m.co', 1347496482, '', 1347496482, '66.7.245.162', 0),
('E08qr3YyxX', '3899dcbab79f92af727c2190bbd8abc5', 0, '6510a919b3998129c21516033888af22', 0, 'rtest8@m.co', 1347496773, '', 1347496773, '66.7.245.162', 0),
('6ezTrZJtfP', '3899dcbab79f92af727c2190bbd8abc5', 0, '9c43843c56c85c7f10cf1f2d8fade141', 0, 'rtest9@m.co', 1347916858, '', 1347916858, '66.7.245.162', 0),
('pr5UARCOMl', '3899dcbab79f92af727c2190bbd8abc5', 0, 'e1c8dc5e82bf1b07f1bc493dc3363c9a', 0, 'rdtest10@m.co', 1348079022, '', 1348079022, '66.7.245.162', 0),
('5jq6VoAKi1', '3899dcbab79f92af727c2190bbd8abc5', 0, NULL, 0, 'rdtest11@m.co', 1348079179, '', 1348079179, '66.7.245.162', 0),
('qvj8noHYMK', '3899dcbab79f92af727c2190bbd8abc5', 0, 'fc18568c8fad594d338b54291e03def1', 0, 'rdtest13@m.co', 1348079250, '', 1348079250, '66.7.245.162', 0),
('hzXNlX33yU', '3899dcbab79f92af727c2190bbd8abc5', 0, NULL, 0, 'rdtest14@m.co', 1348095621, '', 1348095621, '66.7.245.162', 0),
('cVe4LgYdR5', '3899dcbab79f92af727c2190bbd8abc5', 0, '79bf8e7c592a6defc23b6d3aaed2cdd3', 0, 'rdtest15@m.co', 1348095731, '', 1348095731, '66.7.245.162', 0),
('3mvaK85Wle', '3899dcbab79f92af727c2190bbd8abc5', 0, '0c3b12219c017aa5e6760ed7742f1405', 0, 'rdtest16@m.co', 1348097425, '', 1348097425, '66.7.245.162', 0),
('NVbp1FTgeQ', '3899dcbab79f92af727c2190bbd8abc5', 0, NULL, 0, 'rdtest17@m.co', 1348168017, '', 1348168017, '66.7.245.162', 0),
('kmqMwwQxBu', '3899dcbab79f92af727c2190bbd8abc5', 0, '231a318713b973c3902839d680b06003', 0, 'rshort1@m.co', 1376603458, '', 1376603458, '66.7.245.162', 0),
('jLPWnJxm41', '3899dcbab79f92af727c2190bbd8abc5', 0, '1ad4350e32f5999a00b2d9097bc932e5', 0, 'rstudent1@m.co', 1376603829, '', 1376603829, '66.7.245.162', 0),
('22tlTDEZF3', 'a8357da7100d4c9767e329c651c4baa9', 0, 'b2b17a4dad6a5279635fb131982c2d26', 0, 'sunil.sreedharan@blsinternational.com', 1380045495, '', 1380045495, '66.7.245.162', 0);

-- --------------------------------------------------------

--
-- Table structure for table `users_fp`
--
-- Creation: Nov 05, 2018 at 03:19 PM
-- Last update: Nov 05, 2018 at 03:19 PM
--

CREATE TABLE `users_fp` (
  `user` varchar(255) NOT NULL DEFAULT '',
  `timestamp` int(10) UNSIGNED NOT NULL DEFAULT 0,
  `code` varchar(255) NOT NULL DEFAULT ''
) ENGINE=MyISAM DEFAULT CHARSET=latin1 ROW_FORMAT=DYNAMIC;

-- --------------------------------------------------------

--
-- Table structure for table `user_permissions`
--
-- Creation: Nov 05, 2018 at 03:19 PM
-- Last update: Nov 05, 2018 at 03:19 PM
--

CREATE TABLE `user_permissions` (
  `modID` int(10) UNSIGNED NOT NULL,
  `user` varchar(255) NOT NULL,
  `class` varchar(255) NOT NULL,
  `instance` int(10) UNSIGNED NOT NULL DEFAULT 0,
  `sub1` int(10) UNSIGNED NOT NULL DEFAULT 0,
  `sub2` int(10) UNSIGNED NOT NULL DEFAULT 0,
  `sub3` int(10) UNSIGNED NOT NULL DEFAULT 0,
  `sub4` int(10) UNSIGNED NOT NULL DEFAULT 0,
  `p1` tinyint(1) NOT NULL DEFAULT 0,
  `p2` tinyint(1) NOT NULL DEFAULT 0,
  `p3` tinyint(1) NOT NULL DEFAULT 0,
  `p4` tinyint(1) NOT NULL DEFAULT 0,
  `p5` tinyint(1) NOT NULL DEFAULT 0,
  `p6` tinyint(1) NOT NULL DEFAULT 0,
  `p7` tinyint(1) NOT NULL DEFAULT 0,
  `p8` tinyint(1) NOT NULL DEFAULT 0,
  `p9` tinyint(1) NOT NULL DEFAULT 0,
  `p10` tinyint(1) NOT NULL DEFAULT 0
) ENGINE=MyISAM DEFAULT CHARSET=latin1 ROW_FORMAT=DYNAMIC;

--
-- Dumping data for table `user_permissions`
--

INSERT INTO `user_permissions` (`modID`, `user`, `class`, `instance`, `sub1`, `sub2`, `sub3`, `sub4`, `p1`, `p2`, `p3`, `p4`, `p5`, `p6`, `p7`, `p8`, `p9`, `p10`) VALUES
(104, 'timran', 'SessionLogic', 0, 0, 0, 0, 0, 1, 0, 0, 0, 0, 0, 0, 0, 0, 0),
(105, 'rohan', 'SessionLogic', 0, 0, 0, 0, 0, 1, 0, 0, 0, 0, 0, 0, 0, 0, 0);

--
-- Indexes for dumped tables
--

--
-- Indexes for table `active_guests`
--
ALTER TABLE `active_guests`
  ADD PRIMARY KEY (`ip`) USING HASH;

--
-- Indexes for table `active_users`
--
ALTER TABLE `active_users`
  ADD PRIMARY KEY (`username`) USING HASH;

--
-- Indexes for table `apps`
--
ALTER TABLE `apps`
  ADD PRIMARY KEY (`appID`) USING BTREE;

--
-- Indexes for table `app_permissions`
--
ALTER TABLE `app_permissions`
  ADD PRIMARY KEY (`permID`) USING BTREE,
  ADD UNIQUE KEY `app` (`app`,`user`) USING BTREE;

--
-- Indexes for table `banned_users`
--
ALTER TABLE `banned_users`
  ADD PRIMARY KEY (`username`) USING BTREE;

--
-- Indexes for table `cms_buckets`
--
ALTER TABLE `cms_buckets`
  ADD PRIMARY KEY (`id`) USING BTREE,
  ADD UNIQUE KEY `path` (`path`) USING BTREE;

--
-- Indexes for table `cms_bucket_types`
--
ALTER TABLE `cms_bucket_types`
  ADD PRIMARY KEY (`id`) USING BTREE;

--
-- Indexes for table `cms_page_version`
--
ALTER TABLE `cms_page_version`
  ADD PRIMARY KEY (`versionID`) USING BTREE;

--
-- Indexes for table `cms_templates`
--
ALTER TABLE `cms_templates`
  ADD PRIMARY KEY (`templateID`) USING BTREE;

--
-- Indexes for table `contact_address`
--
ALTER TABLE `contact_address`
  ADD PRIMARY KEY (`addressID`) USING BTREE,
  ADD UNIQUE KEY `title` (`title`) USING BTREE;

--
-- Indexes for table `contact_form`
--
ALTER TABLE `contact_form`
  ADD PRIMARY KEY (`recID`) USING BTREE;

--
-- Indexes for table `contact_index`
--
ALTER TABLE `contact_index`
  ADD PRIMARY KEY (`indexID`) USING BTREE,
  ADD KEY `key` (`contactKey`) USING BTREE;
ALTER TABLE `contact_index` ADD FULLTEXT KEY `contactValue` (`contactValue`);

--
-- Indexes for table `cron`
--
ALTER TABLE `cron`
  ADD PRIMARY KEY (`cronID`) USING BTREE;

--
-- Indexes for table `cronjobs`
--
ALTER TABLE `cronjobs`
  ADD PRIMARY KEY (`cronID`) USING BTREE;

--
-- Indexes for table `files`
--
ALTER TABLE `files`
  ADD PRIMARY KEY (`fileID`) USING BTREE;

--
-- Indexes for table `files_collections`
--
ALTER TABLE `files_collections`
  ADD PRIMARY KEY (`collID`) USING BTREE;

--
-- Indexes for table `files_extensions`
--
ALTER TABLE `files_extensions`
  ADD PRIMARY KEY (`extID`) USING BTREE,
  ADD UNIQUE KEY `extension` (`extension`) USING BTREE;

--
-- Indexes for table `files_tags`
--
ALTER TABLE `files_tags`
  ADD PRIMARY KEY (`tagID`) USING BTREE,
  ADD KEY `tag` (`tag`) USING BTREE;

--
-- Indexes for table `files_types`
--
ALTER TABLE `files_types`
  ADD PRIMARY KEY (`typeID`) USING BTREE,
  ADD UNIQUE KEY `type` (`type`) USING BTREE;

--
-- Indexes for table `g1g_affiliate_signup`
--
ALTER TABLE `g1g_affiliate_signup`
  ADD PRIMARY KEY (`affID`) USING BTREE;

--
-- Indexes for table `jobs`
--
ALTER TABLE `jobs`
  ADD PRIMARY KEY (`jobID`) USING BTREE;

--
-- Indexes for table `log_app_table`
--
ALTER TABLE `log_app_table`
  ADD PRIMARY KEY (`logID`) USING BTREE;

--
-- Indexes for table `mail_obj`
--
ALTER TABLE `mail_obj`
  ADD PRIMARY KEY (`mailID`) USING BTREE;

--
-- Indexes for table `mail_recipients`
--
ALTER TABLE `mail_recipients`
  ADD PRIMARY KEY (`recpID`) USING BTREE;

--
-- Indexes for table `press_releases_v3`
--
ALTER TABLE `press_releases_v3`
  ADD PRIMARY KEY (`prID`) USING BTREE;

--
-- Indexes for table `press_release_meta`
--
ALTER TABLE `press_release_meta`
  ADD PRIMARY KEY (`metaID`) USING BTREE;

--
-- Indexes for table `scheduler_events`
--
ALTER TABLE `scheduler_events`
  ADD PRIMARY KEY (`eventID`) USING BTREE;

--
-- Indexes for table `scheduler_tasks`
--
ALTER TABLE `scheduler_tasks`
  ADD PRIMARY KEY (`taskID`) USING BTREE;

--
-- Indexes for table `seo`
--
ALTER TABLE `seo`
  ADD PRIMARY KEY (`seoID`) USING BTREE;

--
-- Indexes for table `seo_mods`
--
ALTER TABLE `seo_mods`
  ADD PRIMARY KEY (`user`) USING BTREE;

--
-- Indexes for table `site_preferences`
--
ALTER TABLE `site_preferences`
  ADD PRIMARY KEY (`prefID`) USING BTREE;

--
-- Indexes for table `site_types`
--
ALTER TABLE `site_types`
  ADD PRIMARY KEY (`typeID`) USING BTREE,
  ADD KEY `app` (`app`,`isDel`) USING BTREE;

--
-- Indexes for table `site_user_preferences`
--
ALTER TABLE `site_user_preferences`
  ADD PRIMARY KEY (`prefID`) USING BTREE;

--
-- Indexes for table `sliders`
--
ALTER TABLE `sliders`
  ADD PRIMARY KEY (`sliderID`) USING BTREE;

--
-- Indexes for table `stats_data`
--
ALTER TABLE `stats_data`
  ADD PRIMARY KEY (`statsID`) USING BTREE;

--
-- Indexes for table `stats_query`
--
ALTER TABLE `stats_query`
  ADD PRIMARY KEY (`queryID`) USING BTREE;

--
-- Indexes for table `stats_web_real`
--
ALTER TABLE `stats_web_real`
  ADD PRIMARY KEY (`statID`) USING BTREE;

--
-- Indexes for table `teams`
--
ALTER TABLE `teams`
  ADD PRIMARY KEY (`teamID`) USING BTREE,
  ADD UNIQUE KEY `name` (`name`) USING BTREE;

--
-- Indexes for table `teams_members`
--
ALTER TABLE `teams_members`
  ADD PRIMARY KEY (`memberID`) USING BTREE,
  ADD UNIQUE KEY `name` (`name`) USING BTREE,
  ADD KEY `lnameIndex` (`lnameIndex`) USING BTREE;
ALTER TABLE `teams_members` ADD FULLTEXT KEY `fullText` (`fname`,`lname`);

--
-- Indexes for table `teams_relations`
--
ALTER TABLE `teams_relations`
  ADD PRIMARY KEY (`relID`) USING BTREE,
  ADD KEY `memberID` (`memberID`) USING BTREE,
  ADD KEY `teamID` (`teamID`) USING BTREE;

--
-- Indexes for table `tradeshows`
--
ALTER TABLE `tradeshows`
  ADD PRIMARY KEY (`showID`) USING BTREE;

--
-- Indexes for table `users`
--
ALTER TABLE `users`
  ADD PRIMARY KEY (`username`) USING BTREE;

--
-- Indexes for table `users_backup`
--
ALTER TABLE `users_backup`
  ADD PRIMARY KEY (`username`) USING BTREE;

--
-- Indexes for table `users_fp`
--
ALTER TABLE `users_fp`
  ADD PRIMARY KEY (`user`) USING BTREE;

--
-- Indexes for table `user_permissions`
--
ALTER TABLE `user_permissions`
  ADD PRIMARY KEY (`modID`) USING BTREE;

--
-- AUTO_INCREMENT for dumped tables
--

--
-- AUTO_INCREMENT for table `apps`
--
ALTER TABLE `apps`
  MODIFY `appID` int(10) UNSIGNED NOT NULL AUTO_INCREMENT, AUTO_INCREMENT=62;

--
-- AUTO_INCREMENT for table `app_permissions`
--
ALTER TABLE `app_permissions`
  MODIFY `permID` int(10) UNSIGNED NOT NULL AUTO_INCREMENT, AUTO_INCREMENT=130;

--
-- AUTO_INCREMENT for table `cms_buckets`
--
ALTER TABLE `cms_buckets`
  MODIFY `id` int(10) UNSIGNED NOT NULL AUTO_INCREMENT;

--
-- AUTO_INCREMENT for table `cms_bucket_types`
--
ALTER TABLE `cms_bucket_types`
  MODIFY `id` int(10) UNSIGNED NOT NULL AUTO_INCREMENT, AUTO_INCREMENT=4;

--
-- AUTO_INCREMENT for table `cms_page_version`
--
ALTER TABLE `cms_page_version`
  MODIFY `versionID` int(10) UNSIGNED NOT NULL AUTO_INCREMENT;

--
-- AUTO_INCREMENT for table `cms_templates`
--
ALTER TABLE `cms_templates`
  MODIFY `templateID` int(10) UNSIGNED NOT NULL AUTO_INCREMENT;

--
-- AUTO_INCREMENT for table `contact_address`
--
ALTER TABLE `contact_address`
  MODIFY `addressID` int(10) UNSIGNED NOT NULL AUTO_INCREMENT;

--
-- AUTO_INCREMENT for table `contact_form`
--
ALTER TABLE `contact_form`
  MODIFY `recID` int(10) UNSIGNED NOT NULL AUTO_INCREMENT, AUTO_INCREMENT=8;

--
-- AUTO_INCREMENT for table `contact_index`
--
ALTER TABLE `contact_index`
  MODIFY `indexID` int(255) UNSIGNED NOT NULL AUTO_INCREMENT, AUTO_INCREMENT=7;

--
-- AUTO_INCREMENT for table `cron`
--
ALTER TABLE `cron`
  MODIFY `cronID` int(10) UNSIGNED NOT NULL AUTO_INCREMENT, AUTO_INCREMENT=3;

--
-- AUTO_INCREMENT for table `cronjobs`
--
ALTER TABLE `cronjobs`
  MODIFY `cronID` int(10) UNSIGNED NOT NULL AUTO_INCREMENT, AUTO_INCREMENT=3;

--
-- AUTO_INCREMENT for table `files`
--
ALTER TABLE `files`
  MODIFY `fileID` int(10) UNSIGNED NOT NULL AUTO_INCREMENT, AUTO_INCREMENT=6;

--
-- AUTO_INCREMENT for table `files_collections`
--
ALTER TABLE `files_collections`
  MODIFY `collID` int(10) UNSIGNED NOT NULL AUTO_INCREMENT;

--
-- AUTO_INCREMENT for table `files_extensions`
--
ALTER TABLE `files_extensions`
  MODIFY `extID` int(10) UNSIGNED NOT NULL AUTO_INCREMENT, AUTO_INCREMENT=8;

--
-- AUTO_INCREMENT for table `files_tags`
--
ALTER TABLE `files_tags`
  MODIFY `tagID` int(10) UNSIGNED NOT NULL AUTO_INCREMENT, AUTO_INCREMENT=6;

--
-- AUTO_INCREMENT for table `files_types`
--
ALTER TABLE `files_types`
  MODIFY `typeID` int(10) UNSIGNED NOT NULL AUTO_INCREMENT, AUTO_INCREMENT=5;

--
-- AUTO_INCREMENT for table `g1g_affiliate_signup`
--
ALTER TABLE `g1g_affiliate_signup`
  MODIFY `affID` int(10) UNSIGNED NOT NULL AUTO_INCREMENT, AUTO_INCREMENT=8;

--
-- AUTO_INCREMENT for table `jobs`
--
ALTER TABLE `jobs`
  MODIFY `jobID` int(10) UNSIGNED NOT NULL AUTO_INCREMENT;

--
-- AUTO_INCREMENT for table `log_app_table`
--
ALTER TABLE `log_app_table`
  MODIFY `logID` int(10) UNSIGNED NOT NULL AUTO_INCREMENT;

--
-- AUTO_INCREMENT for table `mail_obj`
--
ALTER TABLE `mail_obj`
  MODIFY `mailID` int(10) UNSIGNED NOT NULL AUTO_INCREMENT;

--
-- AUTO_INCREMENT for table `mail_recipients`
--
ALTER TABLE `mail_recipients`
  MODIFY `recpID` int(10) UNSIGNED NOT NULL AUTO_INCREMENT;

--
-- AUTO_INCREMENT for table `press_releases_v3`
--
ALTER TABLE `press_releases_v3`
  MODIFY `prID` int(10) UNSIGNED NOT NULL AUTO_INCREMENT;

--
-- AUTO_INCREMENT for table `press_release_meta`
--
ALTER TABLE `press_release_meta`
  MODIFY `metaID` int(10) UNSIGNED NOT NULL AUTO_INCREMENT;

--
-- AUTO_INCREMENT for table `scheduler_events`
--
ALTER TABLE `scheduler_events`
  MODIFY `eventID` int(10) UNSIGNED NOT NULL AUTO_INCREMENT;

--
-- AUTO_INCREMENT for table `scheduler_tasks`
--
ALTER TABLE `scheduler_tasks`
  MODIFY `taskID` int(10) UNSIGNED NOT NULL AUTO_INCREMENT;

--
-- AUTO_INCREMENT for table `seo`
--
ALTER TABLE `seo`
  MODIFY `seoID` int(10) UNSIGNED NOT NULL AUTO_INCREMENT;

--
-- AUTO_INCREMENT for table `site_preferences`
--
ALTER TABLE `site_preferences`
  MODIFY `prefID` int(10) UNSIGNED NOT NULL AUTO_INCREMENT;

--
-- AUTO_INCREMENT for table `site_types`
--
ALTER TABLE `site_types`
  MODIFY `typeID` int(10) UNSIGNED NOT NULL AUTO_INCREMENT;

--
-- AUTO_INCREMENT for table `site_user_preferences`
--
ALTER TABLE `site_user_preferences`
  MODIFY `prefID` int(10) UNSIGNED NOT NULL AUTO_INCREMENT;

--
-- AUTO_INCREMENT for table `sliders`
--
ALTER TABLE `sliders`
  MODIFY `sliderID` int(10) UNSIGNED NOT NULL AUTO_INCREMENT;

--
-- AUTO_INCREMENT for table `stats_data`
--
ALTER TABLE `stats_data`
  MODIFY `statsID` int(10) UNSIGNED NOT NULL AUTO_INCREMENT;

--
-- AUTO_INCREMENT for table `stats_query`
--
ALTER TABLE `stats_query`
  MODIFY `queryID` int(10) UNSIGNED NOT NULL AUTO_INCREMENT;

--
-- AUTO_INCREMENT for table `stats_web_real`
--
ALTER TABLE `stats_web_real`
  MODIFY `statID` int(10) UNSIGNED NOT NULL AUTO_INCREMENT;

--
-- AUTO_INCREMENT for table `teams`
--
ALTER TABLE `teams`
  MODIFY `teamID` int(10) UNSIGNED NOT NULL AUTO_INCREMENT;

--
-- AUTO_INCREMENT for table `teams_members`
--
ALTER TABLE `teams_members`
  MODIFY `memberID` int(10) UNSIGNED NOT NULL AUTO_INCREMENT;

--
-- AUTO_INCREMENT for table `teams_relations`
--
ALTER TABLE `teams_relations`
  MODIFY `relID` int(10) UNSIGNED NOT NULL AUTO_INCREMENT;

--
-- AUTO_INCREMENT for table `tradeshows`
--
ALTER TABLE `tradeshows`
  MODIFY `showID` int(10) UNSIGNED NOT NULL AUTO_INCREMENT;

--
-- AUTO_INCREMENT for table `user_permissions`
--
ALTER TABLE `user_permissions`
  MODIFY `modID` int(10) UNSIGNED NOT NULL AUTO_INCREMENT, AUTO_INCREMENT=107;
COMMIT;

/*!40101 SET CHARACTER_SET_CLIENT=@OLD_CHARACTER_SET_CLIENT */;
/*!40101 SET CHARACTER_SET_RESULTS=@OLD_CHARACTER_SET_RESULTS */;
/*!40101 SET COLLATION_CONNECTION=@OLD_COLLATION_CONNECTION */;
